RELEVE_NR,SPECIES_NR,COVER_CODE,LAYER,_ORIG_NAME
183111,2206,+,6,
183111,2315,1,7,
183111,3351,r,6,
183111,4283,1,6,
183111,4430,r,7,
183111,4577,r,6,
183111,5127,1,6,
183111,5137,+,6,
183111,5165,r,6,
183111,5353,r,6,
183111,6477,2b,6,
183111,6674,+,6,
183111,6696,+,6,
183111,8218,1,6,
183111,8851,4,1,
183111,8851,2a,7,
183111,11833,r,6,
183112,2013,r,6,
183112,3067,1,6,
183112,4283,2m,6,
183112,4568,+,6,
183112,4574,+,6,
183112,4577,+,6,
183112,5127,+,6,
183112,5137,1,6,
183112,6477,1,6,
183112,6674,2m,6,
183112,6696,+,6,
183112,8218,2m,6,
183112,8851,4,1,
183112,8851,2m,7,
183112,10106,r,6,
183112,11821,r,6,
183113,705,1,6,
183113,2315,2b,1,
183113,2315,+,7,
183113,3351,r,6,
183113,3794,r,6,
183113,4220,r,7,
183113,4283,r,6,
183113,4430,+,7,
183113,4614,r,6,
183113,5127,+,6,
183113,5137,1,6,
183113,5165,+,6,
183113,5352,r,6,
183113,5432,r,6,
183113,6710,r,6,
183113,8218,2m,6,
183113,8653,+,7,
183113,8851,3,1,
183113,8851,2a,7,
183113,10021,r,6,
183113,11833,r,6,
183113,12072,+,6,
183114,227,2m,6,
183114,247,+,6,
183114,1775,+,6,
183114,2235,+,6,
183114,4228,r,6,
183114,4283,2m,6,
183114,5127,+,6,
183114,5353,r,6,
183114,6477,1,6,
183114,6710,r,6,
183114,8218,2b,6,
183114,8375,+,6,
183114,8851,4,1,
183114,8851,1,7,
183114,12072,r,6,
183115,247,+,6,
183115,435,1,6,
183115,449,r,6,
183115,2250,+,6,
183115,4228,2m,6,
183115,4589,r,6,
183115,4709,1,6,
183115,5353,r,6,
183115,5680,1,6,
183115,6279,+,4,
183115,6279,+,7,
183115,6887,+,6,
183115,6999,+,6,
183115,8218,3,6,
183115,8375,+,6,
183115,8851,3,1,
183115,8851,2m,7,
183115,9408,+,4,
183115,9408,r,7,
183115,11644,r,6,
183115,12072,2m,6,
183115,12093,1,6,
183116,227,+,6,
183116,247,r,6,
183116,435,r,6,
183116,1778,r,6,
183116,2246,+,6,
183116,2250,r,6,
183116,3169,+,7,
183116,4228,1,6,
183116,4283,1,6,
183116,5353,+,6,
183116,6279,+,7,
183116,6887,+,6,
183116,8201,r,6,
183116,8218,3,6,
183116,8851,4,1,
183116,8851,2a,7,
183116,9408,+,7,
183116,9459,+,6,
183116,11288,r,7,
183116,11821,+,6,
183116,12072,1,6,
183116,12093,+,6,
183116,12109,1,6,
183117,227,+,6,
183117,1775,3,6,
183117,2246,2m,6,
183117,2248,2a,6,
183117,2250,+,6,
183117,3067,+,6,
183117,4275,1,6,
183117,4283,1,6,
183117,4419,+,6,
183117,4568,1,6,
183117,4574,+,6,
183117,4575,+,6,
183117,5730,+,6,
183117,6477,+,6,
183117,6693,1,6,
183117,8201,1,6,
183117,8218,2b,6,
183117,8851,3,1,
183117,8851,2m,7,
183117,9985,r,6,
183117,11287,3,1,
183117,11833,+,6,
183117,12056,r,6,
183117,12109,+,6,
183118,80,+,4,
183118,80,+,7,
183118,83,1,1,
183118,83,+,7,
183118,1048,+,6,
183118,1447,r,6,
183118,2013,+,6,
183118,2315,2b,1,
183118,2315,2a,4,
183118,2315,+,7,
183118,4111,1,4,
183118,4283,+,6,
183118,4589,+,6,
183118,5137,2m,6,
183118,5165,+,6,
183118,6386,+,4,
183118,6477,2m,6,
183118,8218,2m,6,
183118,8388,1,6,
183118,8851,3,1,
183118,8851,1,4,
183118,8851,1,7,
183118,10021,1,6,
183118,10563,1,6,
183118,10707,1,6,
183118,11287,1,4,
183118,11821,+,6,
183118,12072,+,6,
183119,2013,r,6,
183119,2235,1,6,
183119,2246,r,6,
183119,3169,r,7,
183119,3628,r,6,
183119,4111,1,7,
183119,4122,+,6,
183119,4283,+,6,
183119,4614,1,6,
183119,5353,+,6,
183119,6499,r,6,
183119,8218,3,6,
183119,8851,4,1,
183119,8851,3,7,
183119,9408,r,7,
183119,10707,+,6,
183119,11477,+,6,
183119,11783,+,6,
183119,12072,2a,6,
183120,83,r,7,
183120,705,+,6,
183120,2315,3,1,
183120,2315,2a,4,
183120,2315,+,7,
183120,3628,+,6,
183120,4283,+,6,
183120,5165,r,6,
183120,5353,r,6,
183120,6477,2m,6,
183120,6499,1,6,
183120,6941,r,6,
183120,8218,1,6,
183120,8375,+,6,
183120,8388,r,6,
183120,8851,4,1,
183120,8851,+,7,
183120,11287,+,7,
183120,12072,+,6,
183121,2022,+,6,
183121,2915,r,9,
183121,3586,1,9,
183121,3587,2m,9,
183121,3794,1,6,
183121,4283,+,6,
183121,4289,+,6,
183121,5137,r,6,
183121,5168,1,6,
183121,5363,2m,9,
183121,6477,2m,6,
183121,6674,+,6,
183121,6941,1,6,
183121,6999,+,6,
183121,8218,1,6,
183121,8388,1,6,
183121,8419,2m,9,
183121,8851,3,1,
183121,8851,2m,7,
183121,10337,+,7,
183121,10343,1,4,
183121,11735,4,6,
183122,84,r,7,
183122,249,+,6,
183122,1778,1,6,
183122,4283,1,6,
183122,4677,+,6,
183122,5127,+,6,
183122,5137,1,6,
183122,5165,+,6,
183122,5353,r,6,
183122,6477,2m,6,
183122,6499,1,6,
183122,6941,+,6,
183122,6999,r,6,
183122,8218,3,6,
183122,8653,r,7,
183122,8851,4,1,
183122,8851,2a,7,
183122,9695,r,7,
183122,10115,r,6,
183122,10205,2m,6,
183122,10337,r,7,
183122,10973,r,6,
183122,11833,+,6,
183122,12126,r,1,
183123,1775,r,6,
183123,2315,+,7,
183123,4568,2m,6,
183123,5137,+,6,
183123,5353,r,6,
183123,5730,+,6,
183123,6477,+,6,
183123,6674,1,6,
183123,8218,2b,6,
183123,8851,4,1,
183123,8851,3,7,
183123,10563,2m,6,
183123,11287,1,4,
183123,11287,+,7,
183123,11821,+,6,
183123,12126,+,1,
183124,80,+,7,
183124,2013,+,6,
183124,2315,2a,1,
183124,2315,1,4,
183124,2315,+,7,
183124,3628,1,6,
183124,4220,+,7,
183124,4283,1,6,
183124,4430,+,7,
183124,4614,+,6,
183124,5127,1,6,
183124,5137,2m,6,
183124,6477,2a,6,
183124,6674,+,6,
183124,8026,r,7,
183124,8058,2m,1,
183124,8218,+,6,
183124,8851,3,1,
183124,8851,2m,7,
183124,10205,r,6,
183124,12126,+,1,
183125,83,r,7,
183125,249,1,6,
183125,961,2m,6,
183125,2206,1,6,
183125,2271,2b,6,
183125,2315,2a,1,
183125,2315,2m,4,
183125,2315,1,7,
183125,3067,2m,6,
183125,3367,+,6,
183125,4118,r,6,
183125,4568,2m,6,
183125,4584,r,6,
183125,5137,+,6,
183125,5717,1,6,
183125,5730,+,6,
183125,6477,1,6,
183125,6696,2a,6,
183125,7385,r,6,
183125,8218,+,6,
183125,8375,+,6,
183125,8782,r,6,
183125,8851,4,1,
183125,8851,2b,7,
183125,9408,r,7,
183125,10563,2m,6,
183125,11287,2m,1,
183125,11287,2m,4,
183125,11288,2m,4,
183126,457,r,6,
183126,705,2m,6,
183126,1847,+,6,
183126,2248,+,6,
183126,3351,+,6,
183126,3628,+,6,
183126,4283,3,6,
183126,4574,r,6,
183126,4610,+,6,
183126,4614,+,6,
183126,5127,+,6,
183126,5136,1,6,
183126,5137,1,6,
183126,5165,+,6,
183126,6480,+,6,
183126,6499,2m,6,
183126,6674,+,6,
183126,8218,+,6,
183126,8375,1,6,
183126,8851,4,1,
183126,8851,2m,7,
183126,9459,r,6,
183126,10205,1,6,
183126,11833,+,6,
183126,12072,1,6,
183127,3067,2m,6,
183127,4220,r,7,
183127,4283,r,6,
183127,5137,1,6,
183127,6477,1,6,
183127,6674,1,6,
183127,8218,2m,6,
183127,8851,5,1,
183127,8851,2a,7,
183127,10563,+,6,
183127,12126,+,1,
183128,1775,+,6,
183128,2248,2m,6,
183128,3628,+,6,
183128,4283,2m,6,
183128,5137,2m,6,
183128,5160,+,6,
183128,6477,2m,6,
183128,6674,2m,6,
183128,8218,3,6,
183128,8375,r,6,
183128,8851,4,1,
183128,8851,2a,7,
183128,10707,+,6,
183128,11821,r,6,
183128,12126,+,1,
183129,83,r,7,
183129,2206,2m,6,
183129,4111,r,7,
183129,4283,1,6,
183129,4426,+,7,
183129,4430,+,7,
183129,4610,r,6,
183129,4614,r,6,
183129,5127,+,6,
183129,5137,1,6,
183129,5165,+,6,
183129,5717,1,6,
183129,8218,2a,6,
183129,8653,r,7,
183129,8851,5,1,
183129,8851,2a,7,
183129,9408,r,7,
183129,12126,+,1,
183130,249,r,6,
183130,705,1,6,
183130,2272,+,6,
183130,4283,1,6,
183130,4614,+,6,
183130,5136,+,6,
183130,5353,+,6,
183130,5717,+,6,
183130,6499,+,6,
183130,8218,3,6,
183130,8375,r,6,
183130,8851,4,1,
183130,8851,1,7,
183130,10707,+,6,
183130,11821,+,6,
183130,12072,2m,6,
183130,12126,+,1,
183131,647,+,6,
183131,1174,r,6,
183131,1775,2m,6,
183131,2206,+,6,
183131,2246,+,6,
183131,2315,r,7,
183131,2651,r,6,
183131,3230,+,6,
183131,4283,r,6,
183131,4420,r,6,
183131,4544,r,6,
183131,4552,+,6,
183131,4577,+,6,
183131,4614,r,6,
183131,5137,+,6,
183131,5352,r,6,
183131,5432,r,6,
183131,6477,1,6,
183131,6941,+,6,
183131,8026,r,7,
183131,8168,r,6,
183131,8218,+,6,
183131,8851,4,1,
183131,8851,+,4,
183131,8851,2a,7,
183131,9533,r,6,
183131,11833,r,6,
183131,12110,+,6,
183132,647,+,6,
183132,1775,r,6,
183132,2248,r,6,
183132,2315,2a,1,
183132,2315,2m,4,
183132,2315,r,7,
183132,3067,2a,6,
183132,4544,r,6,
183132,4552,r,6,
183132,4614,r,6,
183132,5127,r,6,
183132,5137,+,6,
183132,5432,r,6,
183132,5717,r,6,
183132,6477,+,6,
183132,6545,+,6,
183132,8218,r,6,
183132,8375,r,6,
183132,8653,r,7,
183132,8851,4,1,
183132,8851,1,7,
183132,10307,r,6,
183132,11735,r,6,
183133,80,2a,7,
183133,83,r,7,
183133,1451,r,6,
183133,1506,r,6,
183133,2315,1,7,
183133,2455,r,6,
183133,4283,2m,6,
183133,4419,1,6,
183133,4430,+,7,
183133,4614,r,6,
183133,4688,r,6,
183133,5136,2m,6,
183133,5137,2m,6,
183133,5165,1,6,
183133,5353,r,6,
183133,5431,r,6,
183133,6477,1,6,
183133,6941,+,6,
183133,8218,2m,6,
183133,8653,r,7,
183133,8669,r,7,
183133,8851,4,1,
183133,8851,1,7,
183133,9408,+,7,
183133,9705,r,6,
183133,10205,1,6,
183133,10307,r,6,
183133,10337,r,7,
183133,10350,r,7,
183133,11477,1,6,
183133,11821,1,6,
183133,12109,2m,6,
183134,80,1,1,
183134,80,2b,7,
183134,83,r,7,
183134,1506,1,6,
183134,2018,2m,6,
183134,2032,r,6,
183134,2206,+,6,
183134,2315,3,1,
183134,2315,2m,4,
183134,2315,1,7,
183134,3067,2b,6,
183134,3093,1,7,
183134,3169,1,7,
183134,3367,1,6,
183134,3977,r,6,
183134,4111,+,7,
183134,4419,+,6,
183134,4430,r,7,
183134,4552,+,6,
183134,4568,2b,6,
183134,4688,r,6,
183134,4991,+,6,
183134,5127,r,6,
183134,5717,1,6,
183134,5730,2m,6,
183134,6693,r,6,
183134,6696,3,6,
183134,8218,2m,6,
183134,8374,1,6,
183134,8375,r,6,
183134,8599,r,6,
183134,8653,r,7,
183134,8782,1,6,
183134,8851,4,1,
183134,8851,+,7,
183134,9408,+,7,
183134,10350,+,7,
183134,10563,2m,6,
183134,10707,+,6,
183134,12101,1,6,
183135,435,r,6,
183135,1775,+,6,
183135,2315,2a,4,
183135,2315,+,7,
183135,4283,1,6,
183135,4614,+,6,
183135,5127,1,6,
183135,5137,+,6,
183135,5165,r,6,
183135,5717,r,6,
183135,5730,+,6,
183135,6477,2a,6,
183135,8058,+,1,
183135,8218,2m,6,
183135,8844,r,7,
183135,8851,4,1,
183135,8851,2m,7,
183135,10350,r,7,
183135,11821,+,6,
183136,435,r,6,
183136,2013,r,6,
183136,2206,r,6,
183136,2315,2a,1,
183136,2315,1,7,
183136,4283,1,6,
183136,4552,r,6,
183136,4568,r,6,
183136,5127,+,6,
183136,5137,1,6,
183136,5730,r,6,
183136,6477,2m,6,
183136,6696,2m,6,
183136,8058,2m,1,
183136,8218,3,6,
183136,8669,r,7,
183136,8851,4,1,
183136,8851,2m,7,
183136,10205,+,6,
183136,11821,+,6,
183137,83,r,7,
183137,435,2m,6,
183137,457,r,6,
183137,705,2m,6,
183137,1775,+,6,
183137,2013,+,6,
183137,2136,1,6,
183137,2315,2m,4,
183137,2315,r,7,
183137,2639,r,6,
183137,3367,1,6,
183137,3453,+,6,
183137,3628,1,6,
183137,4227,+,6,
183137,4283,+,6,
183137,4552,+,6,
183137,4573,+,6,
183137,5136,r,6,
183137,5137,1,6,
183137,5165,r,6,
183137,5432,r,6,
183137,5680,+,6,
183137,5717,r,6,
183137,6477,1,6,
183137,6696,3,6,
183137,6999,+,6,
183137,8058,2m,1,
183137,8218,2b,6,
183137,8375,+,6,
183137,8653,r,7,
183137,8669,r,7,
183137,8851,4,1,
183137,8851,2m,7,
183137,10021,r,6,
183137,10225,1,6,
183137,10563,r,6,
183137,10707,+,6,
183137,12041,r,6,
183138,435,r,6,
183138,1174,+,6,
183138,2013,+,6,
183138,2248,r,6,
183138,3123,r,7,
183138,4111,r,7,
183138,4544,r,6,
183138,4688,+,6,
183138,5127,+,6,
183138,5137,1,6,
183138,5165,r,6,
183138,5432,+,6,
183138,6477,2a,6,
183138,8058,1,1,
183138,8218,+,6,
183138,8375,1,6,
183138,8653,r,7,
183138,8844,+,7,
183138,8851,4,1,
183138,8851,2m,7,
183138,9408,+,7,
183138,12072,r,6,
183138,12126,+,1,
183139,705,1,6,
183139,1174,3,6,
183139,2013,r,6,
183139,2235,2m,6,
183139,2250,r,6,
183139,3354,+,6,
183139,4231,r,6,
183139,4283,2m,6,
183139,4552,r,6,
183139,4589,r,6,
183139,5165,r,6,
183139,5353,+,6,
183139,8042,r,6,
183139,8058,2m,1,
183139,8218,2a,6,
183139,8375,+,6,
183139,8851,4,1,
183139,8851,2b,7,
183139,9408,r,7,
183139,10337,+,7,
183139,10563,1,6,
183139,11833,+,6,
183139,12126,+,1,
183140,705,r,6,
183140,1174,3,6,
183140,2022,+,6,
183140,4283,2a,6,
183140,5165,+,6,
183140,8851,4,1,
183140,8851,2a,7,
183141,1174,3,6,
183141,2013,r,6,
183141,2018,+,6,
183141,2250,+,6,
183141,4231,r,6,
183141,4283,2m,6,
183141,5127,+,6,
183141,5137,+,6,
183141,5165,r,6,
183141,6472,1,6,
183141,8218,1,6,
183141,8851,4,1,
183141,8851,1,7,
183141,9408,r,7,
183141,10021,r,6,
183141,12072,1,6,
183141,12126,+,1,
183142,1174,3,6,
183142,5137,+,6,
183142,5165,+,6,
183142,6222,2a,9,
183142,8653,r,7,
183142,8851,3,1,
183142,8851,2a,7,
183142,12126,+,1,
183143,80,2m,4,
183143,83,+,7,
183143,1174,2m,6,
183143,1778,r,6,
183143,2022,r,6,
183143,2315,r,7,
183143,4283,+,6,
183143,4552,r,6,
183143,4577,1,6,
183143,5137,+,6,
183143,5165,r,6,
183143,5432,r,6,
183143,6472,+,6,
183143,6693,+,6,
183143,8218,1,6,
183143,8653,r,7,
183143,8669,r,7,
183143,8851,4,1,
183143,8851,2a,7,
183143,9533,+,6,
183143,10350,r,7,
183143,11833,1,6,
183144,1174,3,6,
183144,1778,+,6,
183144,2022,+,6,
183144,2235,+,6,
183144,4283,1,6,
183144,4611,+,6,
183144,4614,r,6,
183144,5127,1,6,
183144,5353,+,6,
183144,6472,+,6,
183144,6477,r,6,
183144,6499,1,6,
183144,8218,+,6,
183144,8851,3,1,
183144,8851,2m,4,
183144,8851,2b,7,
183145,1174,3,6,
183145,2022,+,6,
183145,4283,+,6,
183145,5127,1,6,
183145,6472,+,6,
183145,8851,4,1,
183145,8851,2b,7,
183146,446,r,6,
183146,705,2a,6,
183146,714,1,6,
183146,770,r,6,
183146,1174,1,6,
183146,1847,2m,6,
183146,2022,+,6,
183146,3123,2a,4,
183146,3123,r,7,
183146,4283,+,6,
183146,4289,1,6,
183146,4430,r,7,
183146,4589,+,6,
183146,4611,1,6,
183146,5092,2m,6,
183146,5130,r,6,
183146,5137,+,6,
183146,5148,1,6,
183146,5165,+,6,
183146,5168,2m,6,
183146,5184,1,6,
183146,6303,r,6,
183146,6472,+,6,
183146,6477,1,6,
183146,6499,1,6,
183146,8218,r,6,
183146,8375,2m,6,
183146,8851,3,1,
183146,8851,2m,4,
183146,8851,1,7,
183146,9408,+,7,
183146,9540,+,6,
183146,10023,r,6,
183146,10307,+,6,
183146,10337,r,7,
183146,10357,r,7,
183147,1174,2m,6,
183147,2315,2m,1,
183147,2315,r,7,
183147,3367,2m,6,
183147,4283,1,6,
183147,4577,+,6,
183147,5137,+,6,
183147,5165,r,6,
183147,5432,+,6,
183147,6279,2m,7,
183147,6477,1,6,
183147,6674,+,6,
183147,6696,2m,6,
183147,8168,+,6,
183147,8218,2m,6,
183147,8653,r,7,
183147,8851,4,1,
183147,8851,2a,7,
183147,9408,r,7,
183147,10337,r,7,
183147,11287,1,1,
183147,11287,r,7,
183147,11833,+,6,
183147,12126,+,1,
183148,1174,2b,6,
183148,2022,1,6,
183148,2235,+,6,
183148,4283,2m,6,
183148,5165,+,6,
183148,8851,4,1,
183148,8851,+,7,
183148,10337,r,7,
183149,83,+,7,
183149,84,r,7,
183149,1174,2m,6,
183149,1775,2m,6,
183149,2013,1,6,
183149,2315,+,7,
183149,3367,2m,6,
183149,4227,+,6,
183149,4283,1,6,
183149,4430,r,7,
183149,4538,1,6,
183149,5137,1,6,
183149,5352,r,6,
183149,5432,r,6,
183149,6472,+,6,
183149,6477,2b,6,
183149,6499,1,6,
183149,6696,+,6,
183149,6887,r,6,
183149,8218,2b,6,
183149,8851,3,1,
183149,8851,2m,7,
183149,10563,1,6,
183149,11287,2m,1,
183149,11287,2a,4,
183149,11287,1,7,
183149,11833,+,6,
183150,83,r,7,
183150,435,2m,6,
183150,2136,+,6,
183150,2250,1,6,
183150,2315,+,7,
183150,3169,r,7,
183150,3282,r,6,
183150,3367,1,6,
183150,4122,r,6,
183150,4227,+,6,
183150,4283,+,6,
183150,4537,1,6,
183150,4541,r,6,
183150,4552,+,6,
183150,4677,r,6,
183150,5137,1,6,
183150,5165,1,6,
183150,5168,+,6,
183150,5353,r,6,
183150,6477,+,6,
183150,6499,2m,6,
183150,6696,1,6,
183150,8218,2a,6,
183150,8851,4,1,
183150,8851,2m,7,
183150,9408,+,7,
183150,10205,+,6,
183150,10350,r,4,
183150,10707,+,6,
183151,80,+,7,
183151,84,+,7,
183151,193,3,6,
183151,249,+,6,
183151,435,r,6,
183151,478,3,1,
183151,647,+,6,
183151,961,2b,6,
183151,1451,+,6,
183151,1506,+,6,
183151,2018,1,6,
183151,3123,1,4,
183151,3993,+,6,
183151,4109,+,7,
183151,4419,+,6,
183151,4430,3,1,
183151,4430,+,4,
183151,4430,+,7,
183151,4532,+,6,
183151,4552,r,6,
183151,4568,+,6,
183151,4688,2m,6,
183151,5000,r,6,
183151,5432,1,6,
183151,6526,r,6,
183151,6545,+,6,
183151,6696,r,6,
183151,6743,r,6,
183151,6818,r,6,
183151,8375,r,6,
183151,8430,1,1,
183151,8430,+,4,
183151,8782,2m,6,
183151,8916,+,6,
183151,9049,r,7,
183151,10563,1,6,
183151,11287,+,4,
183151,11644,+,6,
183151,11822,+,6,
183151,12024,r,7,
183151,12059,+,6,
183151,12101,+,6,
183152,80,r,1,
183152,80,+,7,
183152,83,+,7,
183152,84,r,7,
183152,193,+,6,
183152,435,+,6,
183152,647,+,6,
183152,961,2m,6,
183152,1451,+,6,
183152,2013,r,6,
183152,2018,+,6,
183152,2032,+,6,
183152,2206,1,6,
183152,2271,2b,6,
183152,2315,4,1,
183152,2315,1,4,
183152,2315,1,7,
183152,2954,+,6,
183152,3067,+,6,
183152,3123,+,7,
183152,3157,r,7,
183152,3282,+,6,
183152,3367,+,6,
183152,4109,r,7,
183152,4123,+,6,
183152,4419,+,6,
183152,4532,1,6,
183152,4552,+,6,
183152,4568,+,6,
183152,4677,+,6,
183152,4688,+,6,
183152,4991,2m,6,
183152,5137,r,6,
183152,5432,+,6,
183152,5680,+,6,
183152,5730,+,6,
183152,6526,+,6,
183152,6696,2b,6,
183152,6887,+,6,
183152,6941,+,6,
183152,8218,1,6,
183152,8782,1,6,
183152,8851,2a,7,
183152,8855,2b,1,
183152,9201,r,7,
183152,9408,r,7,
183152,9693,r,7,
183152,10563,+,6,
183152,11287,+,7,
183152,11602,r,7,
183152,11822,+,6,
183152,11833,r,6,
183152,12059,r,6,
183152,12097,+,6,
183152,12109,+,6,
183153,234,+,6,
183153,478,4,1,
183153,798,r,6,
183153,1350,2a,6,
183153,1390,2a,6,
183153,1451,r,6,
183153,1952,2a,6,
183153,1968,r,6,
183153,2168,1,6,
183153,3169,r,7,
183153,3473,+,6,
183153,4109,r,7,
183153,4552,r,6,
183153,4558,+,6,
183153,4688,r,6,
183153,5432,+,6,
183153,5470,1,6,
183153,5652,r,6,
183153,6520,1,6,
183153,6529,2a,6,
183153,6716,1,6,
183153,6887,r,6,
183153,7001,+,6,
183153,7865,r,6,
183153,8219,+,6,
183153,8227,r,6,
183153,8935,+,6,
183153,8963,2a,6,
183153,9199,r,7,
183153,9408,r,7,
183153,9559,r,6,
183153,9693,r,7,
183153,10267,1,6,
183153,10304,r,6,
183153,10327,r,6,
183153,10679,r,6,
183153,11644,1,6,
183153,11816,+,6,
183153,12270,1,6,
183153,12276,r,6,
183153,50019,+,6,
183154,80,+,7,
183154,84,1,4,
183154,84,+,7,
183154,193,r,6,
183154,478,4,1,
183154,478,2m,4,
183154,478,r,7,
183154,660,+,6,
183154,1952,+,6,
183154,1968,r,6,
183154,2168,2m,6,
183154,2809,+,6,
183154,2944,r,6,
183154,3993,1,6,
183154,4109,+,4,
183154,4109,+,7,
183154,4430,+,4,
183154,4430,+,7,
183154,4544,r,6,
183154,4552,r,6,
183154,4677,r,6,
183154,4688,r,6,
183154,5432,1,6,
183154,6520,r,6,
183154,6529,+,6,
183154,6718,+,6,
183154,6941,r,6,
183154,8653,r,7,
183154,8782,+,6,
183154,8935,r,6,
183154,8963,+,6,
183154,9199,+,4,
183154,9199,+,7,
183154,9408,r,7,
183154,9437,+,6,
183154,9693,r,7,
183154,9922,4,6,
183154,10267,1,6,
183154,10337,r,7,
183154,11644,+,6,
183154,11816,r,6,
183154,12024,r,7,
183155,80,1,1,
183155,80,r,7,
183155,83,+,7,
183155,84,3,1,
183155,84,1,4,
183155,84,+,7,
183155,961,2b,6,
183155,2315,3,1,
183155,2639,2m,6,
183155,3092,+,4,
183155,3092,+,7,
183155,3169,+,7,
183155,4109,+,7,
183155,4111,r,7,
183155,4430,+,4,
183155,4430,+,7,
183155,4532,2a,6,
183155,4552,r,6,
183155,4677,r,6,
183155,4688,+,6,
183155,5432,2m,6,
183155,5664,2a,6,
183155,6386,1,4,
183155,6887,r,6,
183155,8374,2a,6,
183155,8782,2a,6,
183155,9693,+,4,
183155,9693,1,7,
183155,11602,+,4,
183155,11602,+,7,
183155,12097,+,6,
183156,80,4,1,
183156,80,+,4,
183156,83,+,4,
183156,188,r,6,
183156,193,r,6,
183156,435,r,6,
183156,961,+,6,
183156,2315,+,1,
183156,3794,+,6,
183156,4220,r,4,
183156,4430,+,4,
183156,4532,3,6,
183156,4677,r,6,
183156,5431,3,6,
183156,5432,r,6,
183156,6887,r,6,
183156,7447,+,6,
183156,8782,+,6,
183156,8851,+,1,
183156,9693,+,4,
183156,10530,+,6,
183156,10563,1,6,
183156,10685,1,6,
183156,11602,1,4,
183156,11644,+,6,
183157,80,+,7,
183157,84,1,1,
183157,84,+,7,
183157,193,+,6,
183157,249,+,6,
183157,647,r,6,
183157,961,+,6,
183157,2315,4,1,
183157,2315,+,7,
183157,2791,+,6,
183157,3282,r,6,
183157,3794,r,6,
183157,4123,+,6,
183157,4271,r,6,
183157,4420,r,6,
183157,4532,2a,6,
183157,4552,+,6,
183157,4568,2b,6,
183157,4584,r,6,
183157,4677,+,6,
183157,4688,r,6,
183157,5431,r,6,
183157,5432,r,6,
183157,6696,2a,6,
183157,7447,+,6,
183157,7552,+,6,
183157,8599,+,6,
183157,8782,1,6,
183157,10107,r,6,
183157,10198,+,6,
183157,10530,r,6,
183157,10563,2b,6,
183157,10685,1,6,
183157,11287,2m,4,
183157,11287,+,7,
183157,11602,1,7,
183157,11644,r,6,
183157,12109,+,6,
183157,12110,+,6,
183158,80,r,7,
183158,83,2a,1,
183158,83,r,4,
183158,83,+,7,
183158,84,2a,1,
183158,84,+,7,
183158,167,+,6,
183158,647,+,6,
183158,961,1,6,
183158,2248,r,6,
183158,2315,3,1,
183158,2315,r,7,
183158,2791,+,6,
183158,3282,r,6,
183158,3346,r,6,
183158,3453,r,6,
183158,3794,3,6,
183158,3956,+,6,
183158,4220,+,7,
183158,4532,1,6,
183158,4552,+,6,
183158,4677,1,6,
183158,5431,+,6,
183158,5432,+,6,
183158,6477,+,6,
183158,6693,r,6,
183158,6696,+,6,
183158,6887,r,6,
183158,6941,+,6,
183158,7447,+,6,
183158,7552,+,6,
183158,8218,2a,6,
183158,8782,+,6,
183158,9985,+,6,
183158,10107,+,6,
183158,10563,2a,6,
183158,11288,+,4,
183158,11288,r,7,
183158,11602,r,4,
183158,11602,+,7,
183158,12101,r,6,
183158,12109,+,6,
183159,80,+,7,
183159,84,+,7,
183159,961,+,6,
183159,1451,+,6,
183159,2206,+,6,
183159,2271,2a,6,
183159,2315,3,1,
183159,2315,r,7,
183159,3282,+,6,
183159,3346,+,6,
183159,3794,1,6,
183159,4430,1,7,
183159,4532,2a,6,
183159,4552,+,6,
183159,4584,1,6,
183159,4677,1,6,
183159,4991,1,6,
183159,5127,r,6,
183159,5431,+,6,
183159,5432,r,6,
183159,6386,r,4,
183159,6477,+,6,
183159,6545,+,6,
183159,6693,+,6,
183159,6941,+,6,
183159,8218,+,6,
183159,8374,r,6,
183159,8653,+,7,
183159,8784,+,6,
183159,8851,2b,1,
183159,8851,r,7,
183159,9693,+,7,
183159,10337,+,7,
183159,10563,1,6,
183159,10685,+,6,
183159,11287,+,7,
183159,12109,+,6,
183160,80,2a,1,
183160,80,r,7,
183160,193,4,6,
183160,249,+,6,
183160,435,+,6,
183160,461,+,6,
183160,478,3,1,
183160,651,+,6,
183160,722,+,6,
183160,798,r,6,
183160,802,r,6,
183160,1390,r,6,
183160,1451,+,6,
183160,2123,r,6,
183160,2636,2a,6,
183160,2809,+,6,
183160,3157,2a,4,
183160,3367,r,6,
183160,3867,+,6,
183160,4271,r,6,
183160,4532,+,6,
183160,4552,+,6,
183160,4688,+,6,
183160,5270,+,6,
183160,5431,2a,6,
183160,5432,+,6,
183160,5664,r,6,
183160,6526,r,6,
183160,6887,r,6,
183160,7001,+,6,
183160,7447,r,6,
183160,8218,r,6,
183160,8659,+,4,
183160,8659,+,7,
183160,8784,+,6,
183160,8935,r,6,
183160,8963,+,6,
183160,9617,r,7,
183160,9636,2a,1,
183160,9693,+,4,
183160,9693,r,7,
183160,9985,+,6,
183160,10267,+,6,
183160,10530,+,6,
183160,10563,+,6,
183160,10679,+,6,
183160,10685,+,6,
183160,11644,2a,6,
183161,80,r,7,
183161,83,+,1,
183161,83,r,7,
183161,84,+,1,
183161,84,+,7,
183161,188,r,6,
183161,193,3,6,
183161,478,3,1,
183161,961,2b,6,
183161,2290,r,6,
183161,2315,r,7,
183161,2791,+,6,
183161,3123,r,7,
183161,3191,+,6,
183161,4109,+,7,
183161,4271,+,6,
183161,4430,1,1,
183161,4430,+,7,
183161,4532,1,6,
183161,4552,r,6,
183161,4668,+,6,
183161,4677,+,6,
183161,4688,+,6,
183161,4710,+,6,
183161,5431,+,6,
183161,5432,+,6,
183161,6285,r,6,
183161,6696,r,6,
183161,6743,1,6,
183161,7001,+,6,
183161,7447,+,6,
183161,7552,2a,6,
183161,8590,+,6,
183161,8782,+,6,
183161,8851,r,1,
183161,8945,+,6,
183161,9201,+,7,
183161,9693,+,7,
183161,10530,2a,6,
183161,11602,2a,1,
183161,11602,+,7,
183161,11644,+,6,
183162,80,+,7,
183162,83,+,7,
183162,84,+,7,
183162,249,+,6,
183162,647,+,6,
183162,961,+,6,
183162,1451,r,6,
183162,1506,r,6,
183162,2018,+,6,
183162,2206,2m,6,
183162,2271,3,6,
183162,2315,4,1,
183162,2315,+,4,
183162,2315,+,7,
183162,3067,+,6,
183162,3169,+,7,
183162,4109,r,7,
183162,4111,+,7,
183162,4123,+,6,
183162,4220,+,7,
183162,4419,+,6,
183162,4430,+,7,
183162,4584,+,6,
183162,4991,2a,6,
183162,5137,+,6,
183162,5165,+,6,
183162,5611,2m,6,
183162,5717,+,6,
183162,5730,+,6,
183162,6674,r,6,
183162,6693,+,6,
183162,6710,+,6,
183162,8019,1,6,
183162,8039,+,6,
183162,8218,+,6,
183162,8374,+,6,
183162,8599,r,6,
183162,8653,+,7,
183162,8669,r,7,
183162,8782,1,6,
183162,8851,1,1,
183162,8851,+,7,
183162,8945,+,6,
183162,9408,r,7,
183162,10563,+,6,
183162,10707,r,6,
183162,11287,1,1,
183162,11287,+,4,
183162,11287,r,7,
183162,12101,+,6,
183162,12109,+,6,
183162,12276,+,6,
183163,84,2a,4,
183163,84,+,7,
183163,193,2m,6,
183163,249,1,6,
183163,478,4,1,
183163,478,+,7,
183163,647,r,6,
183163,961,+,6,
183163,1451,r,6,
183163,1952,+,6,
183163,2118,+,6,
183163,2123,r,6,
183163,2279,1,6,
183163,2290,1,6,
183163,2315,+,7,
183163,2809,+,6,
183163,3093,+,4,
183163,3169,r,7,
183163,3191,2a,6,
183163,4109,+,4,
183163,4109,+,7,
183163,4341,r,6,
183163,4419,r,6,
183163,4430,+,7,
183163,4532,1,6,
183163,4552,r,6,
183163,4568,2a,6,
183163,4668,r,6,
183163,4677,r,6,
183163,4688,+,6,
183163,4710,1,6,
183163,5432,+,6,
183163,6526,+,6,
183163,7447,+,6,
183163,8374,r,6,
183163,8663,2a,1,
183163,8663,2a,4,
183163,8663,1,7,
183163,8782,+,6,
183163,8945,+,6,
183163,8963,+,6,
183163,9201,r,7,
183163,9437,r,6,
183163,9559,r,6,
183163,9573,+,6,
183163,9663,+,1,
183163,9693,2a,4,
183163,9693,+,7,
183163,9987,+,6,
183163,10267,1,6,
183163,10530,2a,6,
183163,11287,+,1,
183163,11644,+,6,
183163,11816,+,6,
183163,12024,+,7,
183163,12109,r,6,
183163,12270,2b,6,
183164,80,r,7,
183164,83,2a,1,
183164,83,r,7,
183164,84,2a,1,
183164,167,+,6,
183164,961,+,6,
183164,1048,r,6,
183164,3123,2b,4,
183164,3346,+,6,
183164,3794,2a,6,
183164,4109,+,7,
183164,4430,+,7,
183164,4532,2b,6,
183164,5431,+,6,
183164,5432,r,6,
183164,6285,r,6,
183164,8388,r,6,
183164,8782,+,6,
183164,9201,2m,7,
183164,9693,+,4,
183164,9693,r,7,
183164,10533,2b,4,
183164,11287,+,1,
183164,11288,2a,1,
183164,11602,3,1,
183164,11602,+,4,
183164,11644,2a,6,
183165,80,1,1,
183165,80,r,4,
183165,84,3,1,
183165,84,1,4,
183165,167,+,6,
183165,193,1,6,
183165,435,r,6,
183165,961,+,6,
183165,3794,1,6,
183165,3972,r,6,
183165,4532,2m,6,
183165,4568,2a,6,
183165,4677,2a,6,
183165,4688,+,6,
183165,4710,r,6,
183165,5431,2a,6,
183165,5432,2a,6,
183165,5664,2a,6,
183165,6941,+,6,
183165,7447,+,6,
183165,8218,r,6,
183165,8388,1,6,
183165,8782,1,6,
183165,9693,2a,4,
183165,10563,+,6,
183165,10685,+,6,
183165,11288,2a,1,
183165,11288,+,4,
183165,11288,+,7,
183165,11602,2a,4,
183165,11602,+,7,
183165,11644,2m,6,
183165,12101,+,6,
183166,83,2b,1,
183166,83,1,4,
183166,83,r,7,
183166,84,2b,1,
183166,84,1,4,
183166,84,r,7,
183166,193,1,6,
183166,249,r,6,
183166,961,+,6,
183166,1128,1,6,
183166,2315,+,1,
183166,3794,1,6,
183166,4532,2b,6,
183166,4677,+,6,
183166,5431,+,6,
183166,5432,1,6,
183166,5664,2m,6,
183166,7001,r,6,
183166,7447,+,6,
183166,8218,r,6,
183166,8388,+,6,
183166,8782,+,6,
183166,9693,1,4,
183166,9693,+,7,
183166,11287,3,1,
183166,11288,+,4,
183166,11602,1,1,
183166,11602,r,4,
183166,11644,+,6,
183167,80,+,7,
183167,83,+,7,
183167,167,r,6,
183167,1506,+,6,
183167,1775,+,6,
183167,2013,r,6,
183167,2018,+,6,
183167,2123,+,6,
183167,2206,+,6,
183167,2250,r,6,
183167,2315,1,7,
183167,3346,r,6,
183167,3453,1,6,
183167,3794,2m,6,
183167,4419,+,6,
183167,4430,+,7,
183167,4532,1,6,
183167,4568,2a,6,
183167,4584,+,6,
183167,4677,+,6,
183167,4922,+,6,
183167,4991,+,6,
183167,5137,+,6,
183167,5432,1,6,
183167,5611,r,6,
183167,5730,+,6,
183167,6386,+,7,
183167,6477,2m,6,
183167,6693,2m,6,
183167,6743,2a,6,
183167,6887,+,6,
183167,6999,r,6,
183167,8218,+,6,
183167,8851,3,1,
183167,8851,1,7,
183167,10563,+,6,
183167,11287,3,1,
183167,11287,2a,4,
183167,11287,+,7,
183167,11644,+,6,
183167,12109,+,6,
183168,80,1,1,
183168,83,2b,1,
183168,83,1,7,
183168,84,+,7,
183168,2315,2b,1,
183168,2315,+,7,
183168,3453,2m,6,
183168,3794,2a,6,
183168,4568,2m,6,
183168,5431,r,6,
183168,5432,2m,6,
183168,6696,2m,6,
183168,8218,1,6,
183168,8388,+,6,
183168,8851,+,1,
183168,8851,+,7,
183168,9201,+,7,
183168,11287,2a,1,
183168,11287,2m,4,
183169,80,1,1,
183169,80,+,7,
183169,83,+,1,
183169,83,+,7,
183169,84,r,7,
183169,647,+,6,
183169,786,+,6,
183169,1048,+,6,
183169,1451,2m,6,
183169,1506,r,6,
183169,1748,+,6,
183169,1775,+,6,
183169,2013,+,6,
183169,2018,+,6,
183169,2022,r,6,
183169,2032,r,6,
183169,2206,1,6,
183169,2246,1,6,
183169,2250,+,6,
183169,2315,3,1,
183169,2315,+,4,
183169,2315,r,7,
183169,2456,r,6,
183169,2954,r,6,
183169,3067,2a,6,
183169,3092,1,4,
183169,3123,+,4,
183169,3123,r,7,
183169,3169,r,7,
183169,3367,+,6,
183169,3428,r,6,
183169,3628,+,6,
183169,4111,1,4,
183169,4111,+,7,
183169,4122,+,6,
183169,4123,r,6,
183169,4220,+,7,
183169,4420,+,6,
183169,4430,+,7,
183169,4548,+,6,
183169,4584,r,6,
183169,4614,r,6,
183169,4710,+,6,
183169,4991,1,6,
183169,5137,+,6,
183169,5148,+,6,
183169,5165,r,6,
183169,5352,r,6,
183169,5717,r,6,
183169,5730,+,6,
183169,6279,+,7,
183169,6285,+,6,
183169,6386,+,7,
183169,6673,+,6,
183169,6693,1,6,
183169,6710,r,6,
183169,6743,+,6,
183169,6999,r,6,
183169,7073,r,6,
183169,7806,r,6,
183169,8039,+,6,
183169,8218,1,6,
183169,8222,+,6,
183169,8375,+,6,
183169,8388,2m,6,
183169,8599,1,6,
183169,8779,+,6,
183169,8851,+,7,
183169,8928,+,6,
183169,9049,+,7,
183169,9408,r,7,
183169,10005,r,6,
183169,10021,+,6,
183169,10205,+,6,
183169,10337,r,7,
183169,10350,2m,1,
183169,10350,+,7,
183169,10563,+,6,
183169,10707,+,6,
183169,10973,r,6,
183169,11102,+,6,
183169,11287,2b,1,
183169,11287,1,4,
183169,11854,1,6,
183169,12053,r,6,
183169,12072,+,6,
183169,12097,+,6,
183169,12101,+,6,
183170,80,2m,1,
183170,83,r,7,
183170,84,+,7,
183170,193,1,6,
183170,249,r,6,
183170,647,+,6,
183170,961,2a,6,
183170,1451,+,6,
183170,1506,r,6,
183170,2018,+,6,
183170,2206,r,6,
183170,2271,3,6,
183170,2290,+,6,
183170,2315,3,1,
183170,2315,+,7,
183170,2634,r,6,
183170,3067,+,6,
183170,3867,+,6,
183170,4109,+,7,
183170,4123,+,6,
183170,4430,2a,1,
183170,4430,+,7,
183170,4532,1,6,
183170,4568,1,6,
183170,4668,+,6,
183170,4688,r,6,
183170,4991,1,6,
183170,5000,r,6,
183170,5664,+,6,
183170,5730,+,6,
183170,6285,+,6,
183170,6545,+,6,
183170,7447,1,6,
183170,7552,1,6,
183170,7806,r,6,
183170,8374,1,6,
183170,8429,+,7,
183170,8590,+,6,
183170,8782,2a,6,
183170,8945,+,6,
183170,10563,+,6,
183170,10685,+,6,
183170,12059,r,6,
183170,12097,r,6,
183170,12101,+,6,
183170,12109,+,6,
183171,80,2a,1,
183171,80,2m,7,
183171,83,+,1,
183171,83,r,7,
183171,435,r,6,
183171,449,r,6,
183171,705,1,6,
183171,1451,+,6,
183171,1506,+,6,
183171,1748,+,6,
183171,2018,r,6,
183171,2206,2m,6,
183171,2246,2b,6,
183171,2315,3,1,
183171,2315,1,4,
183171,2315,r,7,
183171,2455,r,6,
183171,2457,r,6,
183171,2954,+,6,
183171,3067,2b,6,
183171,3169,r,7,
183171,3867,+,6,
183171,4111,+,7,
183171,4419,r,6,
183171,4420,+,6,
183171,4430,+,4,
183171,4430,+,7,
183171,4552,r,6,
183171,4568,+,6,
183171,4688,+,6,
183171,4922,r,6,
183171,4991,+,6,
183171,6386,+,4,
183171,6386,+,7,
183171,6693,1,6,
183171,6696,1,6,
183171,7073,r,6,
183171,8375,2a,6,
183171,8653,r,7,
183171,8851,1,1,
183171,8851,+,7,
183171,9049,r,7,
183171,10021,+,6,
183171,10350,r,7,
183171,10563,1,6,
183171,11288,r,7,
183171,12072,+,6,
183171,12097,+,6,
183171,12101,+,6,
183172,80,2m,1,
183172,83,1,1,
183172,83,+,7,
183172,84,2b,1,
183172,167,2a,6,
183172,193,r,6,
183172,961,1,6,
183172,1048,+,6,
183172,2018,r,6,
183172,2032,r,6,
183172,2315,1,1,
183172,2315,1,4,
183172,3123,+,4,
183172,3346,+,6,
183172,4109,+,7,
183172,4111,1,4,
183172,4430,3,1,
183172,4430,1,4,
183172,4430,+,7,
183172,4532,1,6,
183172,4538,r,6,
183172,4584,+,6,
183172,4677,r,6,
183172,4991,1,6,
183172,5000,r,6,
183172,5431,r,6,
183172,5432,+,6,
183172,5730,+,6,
183172,6285,r,6,
183172,6386,+,4,
183172,6386,+,7,
183172,6454,3,6,
183172,6545,r,6,
183172,6743,1,6,
183172,6941,r,6,
183172,7447,+,6,
183172,7552,r,6,
183172,8374,1,6,
183172,8388,+,6,
183172,8782,+,6,
183172,8945,r,6,
183172,9201,1,4,
183172,9201,+,7,
183172,10563,r,6,
183172,11602,1,1,
183172,11602,+,7,
183172,12101,r,6,
183173,80,+,4,
183173,80,+,7,
183173,83,+,1,
183173,83,+,7,
183173,84,2b,1,
183173,84,+,4,
183173,84,r,7,
183173,133,2m,6,
183173,435,+,6,
183173,1048,r,6,
183173,2013,r,6,
183173,2123,r,6,
183173,2206,+,6,
183173,2250,+,6,
183173,2315,r,7,
183173,2639,+,6,
183173,3067,+,6,
183173,3123,r,4,
183173,3453,1,6,
183173,3988,r,6,
183173,4109,+,7,
183173,4220,3,1,
183173,4220,2a,4,
183173,4220,+,7,
183173,4430,3,1,
183173,4430,1,7,
183173,4532,1,6,
183173,4552,r,6,
183173,4568,2a,6,
183173,4584,+,6,
183173,4677,+,6,
183173,4688,r,6,
183173,4991,+,6,
183173,5432,2m,6,
183173,5664,2a,6,
183173,5730,+,6,
183173,6545,+,6,
183173,6743,1,6,
183173,6887,+,6,
183173,6999,r,6,
183173,7232,+,6,
183173,8218,r,6,
183173,8374,+,6,
183173,8653,+,7,
183173,8782,+,6,
183173,8945,r,6,
183173,9201,+,7,
183173,9693,1,4,
183173,9693,r,7,
183173,10563,2a,6,
183173,11602,2a,4,
183173,11602,+,7,
183173,11644,+,6,
183173,12097,+,6,
183173,12101,r,6,
183174,80,1,1,
183174,80,+,7,
183174,83,+,7,
183174,84,1,1,
183174,84,+,7,
183174,647,+,6,
183174,1451,1,6,
183174,1506,+,6,
183174,2013,+,6,
183174,2032,+,6,
183174,2206,2m,6,
183174,2271,3,6,
183174,2315,3,1,
183174,2315,+,7,
183174,2954,+,6,
183174,3093,+,7,
183174,3169,r,4,
183174,3169,r,7,
183174,3367,+,6,
183174,3453,+,6,
183174,3628,+,6,
183174,3867,+,6,
183174,4109,+,7,
183174,4111,1,7,
183174,4220,r,4,
183174,4220,+,7,
183174,4420,+,6,
183174,4430,1,1,
183174,4430,1,7,
183174,4568,+,6,
183174,4584,1,6,
183174,4688,r,6,
183174,4991,1,6,
183174,5137,r,6,
183174,5717,+,6,
183174,5730,+,6,
183174,6285,r,6,
183174,6386,r,7,
183174,6673,1,6,
183174,6693,+,6,
183174,6696,2a,6,
183174,6710,+,6,
183174,6743,1,6,
183174,7073,r,6,
183174,8218,2m,6,
183174,8653,+,7,
183174,8782,+,6,
183174,9705,+,6,
183174,10350,1,7,
183174,10563,+,6,
183174,11288,+,7,
183174,11602,+,7,
183174,11822,r,6,
183174,12072,+,6,
183174,12101,r,6,
183174,12110,+,6,
183175,80,+,4,
183175,80,+,7,
183175,83,+,7,
183175,84,2m,1,
183175,84,2b,4,
183175,84,+,7,
183175,193,3,6,
183175,249,+,6,
183175,435,+,6,
183175,478,3,1,
183175,478,r,7,
183175,961,1,6,
183175,1451,r,6,
183175,2032,+,6,
183175,2315,2m,1,
183175,2315,r,7,
183175,2634,r,6,
183175,3993,r,6,
183175,4109,+,4,
183175,4109,r,7,
183175,4271,r,6,
183175,4341,+,6,
183175,4430,2m,1,
183175,4430,+,4,
183175,4532,2b,6,
183175,4552,r,6,
183175,4688,+,6,
183175,5431,2a,6,
183175,5432,1,6,
183175,5664,2b,6,
183175,6887,r,6,
183175,7001,3,6,
183175,8782,1,6,
183175,8963,r,6,
183175,9437,r,6,
183175,9693,+,4,
183175,9693,r,7,
183175,10530,2a,6,
183175,10563,+,6,
183175,11602,+,4,
183175,11602,+,7,
183175,11644,2a,6,
183175,12109,r,6,
183176,1,r,7,
183176,80,+,1,
183176,80,+,7,
183176,84,3,1,
183176,84,2m,7,
183176,249,+,6,
183176,435,+,6,
183176,651,r,6,
183176,961,1,6,
183176,1128,+,6,
183176,2013,r,6,
183176,2032,+,6,
183176,2123,+,6,
183176,2206,1,6,
183176,2315,3,1,
183176,2315,+,7,
183176,3367,+,6,
183176,3794,2a,6,
183176,4430,+,7,
183176,4532,2b,6,
183176,4568,2a,6,
183176,4677,1,6,
183176,4688,r,6,
183176,5431,r,6,
183176,5432,2m,6,
183176,6693,+,6,
183176,6887,+,6,
183176,6941,+,6,
183176,6999,r,6,
183176,7447,+,6,
183176,8218,+,6,
183176,8782,1,6,
183176,8851,+,1,
183176,8851,+,7,
183176,9437,+,6,
183176,9693,+,7,
183176,10107,r,6,
183176,11644,+,6,
183176,12109,+,6,
183177,193,+,6,
183177,195,r,7,
183177,249,+,6,
183177,435,+,6,
183177,478,4,1,
183177,478,2a,4,
183177,651,r,6,
183177,1128,1,6,
183177,1390,+,6,
183177,1451,1,6,
183177,1952,+,6,
183177,2118,+,6,
183177,2168,2b,6,
183177,2279,1,6,
183177,2315,r,4,
183177,2315,+,7,
183177,2759,r,6,
183177,2794,1,6,
183177,3123,r,4,
183177,3191,+,6,
183177,3967,+,6,
183177,3993,+,6,
183177,4109,r,4,
183177,4115,+,6,
183177,4220,+,7,
183177,4271,1,6,
183177,4341,+,6,
183177,4419,+,6,
183177,4426,+,4,
183177,4430,+,4,
183177,4532,r,6,
183177,4540,r,6,
183177,4552,r,6,
183177,4667,+,6,
183177,4677,+,6,
183177,4688,+,6,
183177,4709,+,6,
183177,5431,1,6,
183177,5432,+,6,
183177,5537,+,6,
183177,6520,+,6,
183177,6526,+,6,
183177,6529,2m,6,
183177,6545,r,6,
183177,6718,+,6,
183177,6887,+,6,
183177,6941,+,6,
183177,7447,+,6,
183177,7718,+,6,
183177,8653,+,4,
183177,8851,r,7,
183177,8916,r,6,
183177,8945,r,6,
183177,8963,1,6,
183177,9459,1,4,
183177,9476,2a,4,
183177,9573,+,6,
183177,9693,2a,4,
183177,9922,2b,6,
183177,10267,1,6,
183177,10337,r,7,
183177,10530,1,6,
183177,10970,r,6,
183177,11644,+,6,
183177,11816,+,6,
183177,12024,+,4,
183177,12024,+,7,
183177,12056,r,6,
183177,12110,+,6,
183177,12270,2m,6,
183178,84,3,1,
183178,84,+,7,
183178,167,+,6,
183178,961,1,6,
183178,1048,+,6,
183178,2018,+,6,
183178,3123,3,1,
183178,3123,2m,4,
183178,3346,r,6,
183178,3794,+,6,
183178,4220,2b,1,
183178,4220,+,4,
183178,4220,+,7,
183178,4430,r,7,
183178,4532,+,6,
183178,4568,1,6,
183178,4584,r,6,
183178,4677,r,6,
183178,4991,+,6,
183178,5431,+,6,
183178,5432,r,6,
183178,5730,+,6,
183178,6285,r,6,
183178,6454,4,6,
183178,6743,+,6,
183178,7447,+,6,
183178,8782,+,6,
183178,9201,+,7,
183178,9693,2m,4,
183178,11288,1,1,
183178,11602,+,4,
183178,11644,+,6,
183179,1,r,7,
183179,80,+,4,
183179,80,+,7,
183179,83,+,7,
183179,84,2a,1,
183179,84,r,4,
183179,188,r,6,
183179,193,3,6,
183179,195,2m,4,
183179,234,r,6,
183179,249,+,6,
183179,435,r,6,
183179,478,3,1,
183179,1128,1,6,
183179,1451,+,6,
183179,2118,r,6,
183179,2290,r,6,
183179,2315,r,1,
183179,2638,2m,6,
183179,2688,r,6,
183179,3123,r,4,
183179,3191,1,6,
183179,3346,r,6,
183179,3453,r,6,
183179,3794,+,6,
183179,3993,+,6,
183179,4271,r,6,
183179,4341,1,6,
183179,4430,3,1,
183179,4430,r,4,
183179,4430,1,7,
183179,4532,1,6,
183179,4668,+,6,
183179,4688,+,6,
183179,4709,1,6,
183179,5431,+,6,
183179,5432,r,6,
183179,7001,2b,6,
183179,7447,+,6,
183179,8590,2m,6,
183179,8782,+,6,
183179,8945,1,6,
183179,9693,+,7,
183179,10530,+,6,
183179,11602,1,1,
183179,11602,2m,4,
183179,11602,+,7,
183179,11644,+,6,
183179,12024,+,7,
183180,80,r,1,
183180,83,2a,1,
183180,83,r,7,
183180,84,3,1,
183180,84,1,4,
183180,435,+,6,
183180,961,+,6,
183180,2123,r,6,
183180,2315,1,1,
183180,3123,1,4,
183180,3794,+,6,
183180,4111,+,7,
183180,4430,3,1,
183180,4430,r,7,
183180,4532,r,6,
183180,4568,r,6,
183180,4677,r,6,
183180,4709,+,6,
183180,5431,1,6,
183180,5432,1,6,
183180,5664,2a,6,
183180,6454,4,6,
183180,6696,r,6,
183180,7447,r,6,
183180,8388,+,6,
183180,8782,+,6,
183180,9201,+,7,
183180,9693,+,4,
183180,9694,+,4,
183180,10563,1,6,
183180,11288,1,1,
183180,11602,2a,1,
183180,11602,1,4,
183180,11602,+,7,
183180,11644,1,6,
183181,193,+,6,
183181,234,1,6,
183181,249,+,6,
183181,478,3,1,
183181,478,+,7,
183181,479,3,1,
183181,479,1,4,
183181,479,r,7,
183181,660,+,6,
183181,1128,+,6,
183181,1451,2a,6,
183181,1952,+,6,
183181,2118,+,6,
183181,2154,r,6,
183181,2250,2m,6,
183181,2279,2b,6,
183181,2638,2b,6,
183181,2759,+,6,
183181,2810,r,6,
183181,3191,1,6,
183181,3428,r,6,
183181,3473,2m,6,
183181,3792,1,6,
183181,3967,+,6,
183181,3993,+,6,
183181,3999,+,6,
183181,4220,r,7,
183181,4271,1,6,
183181,4341,r,6,
183181,4538,r,6,
183181,4570,+,6,
183181,4677,r,6,
183181,4688,+,6,
183181,4719,+,6,
183181,5431,1,6,
183181,5432,r,6,
183181,5537,+,6,
183181,6520,+,6,
183181,6526,+,6,
183181,6529,1,6,
183181,6716,1,6,
183181,7447,+,6,
183181,7718,+,6,
183181,8219,+,6,
183181,8963,+,6,
183181,9459,+,6,
183181,9476,r,6,
183181,9559,1,6,
183181,9985,+,6,
183181,9993,+,6,
183181,10107,+,6,
183181,10205,+,6,
183181,10267,3,6,
183181,10530,+,6,
183181,10561,+,6,
183181,10563,+,6,
183181,10970,+,6,
183181,11644,1,6,
183181,11745,1,6,
183181,11816,+,6,
183181,11822,r,6,
183181,12110,r,6,
183181,12270,1,6,
183181,12276,r,6,
183181,50039,r,6,
183182,84,+,4,
183182,84,+,7,
183182,193,+,6,
183182,234,+,6,
183182,249,1,6,
183182,419,r,6,
183182,478,3,1,
183182,478,+,4,
183182,479,2a,1,
183182,479,r,7,
183182,1128,1,6,
183182,1952,+,6,
183182,2118,+,6,
183182,2168,2b,6,
183182,2250,+,6,
183182,2279,1,6,
183182,2315,r,7,
183182,2638,1,6,
183182,2759,+,6,
183182,3191,+,6,
183182,3792,+,6,
183182,3967,+,6,
183182,3993,+,6,
183182,4109,+,4,
183182,4115,+,6,
183182,4123,+,6,
183182,4271,+,6,
183182,4341,1,6,
183182,4430,+,4,
183182,4430,+,7,
183182,4532,r,6,
183182,4538,+,6,
183182,4552,+,6,
183182,4558,+,6,
183182,4570,+,6,
183182,4667,+,6,
183182,4677,+,6,
183182,4688,r,6,
183182,5431,1,6,
183182,5432,+,6,
183182,5537,2a,6,
183182,5611,r,6,
183182,6386,r,7,
183182,6520,1,6,
183182,6526,+,6,
183182,6529,2m,6,
183182,6533,1,6,
183182,6716,+,6,
183182,7001,2m,6,
183182,7447,+,6,
183182,7552,r,6,
183182,7718,r,6,
183182,8026,r,1,
183182,8026,r,7,
183182,8218,+,6,
183182,8219,+,6,
183182,8590,+,6,
183182,8782,+,6,
183182,8963,1,6,
183182,9459,+,6,
183182,9476,1,4,
183182,9476,1,6,
183182,9559,+,6,
183182,9628,+,1,
183182,9693,1,4,
183182,9694,r,4,
183182,9922,+,6,
183182,9993,1,6,
183182,10205,+,6,
183182,10267,2a,6,
183182,10337,r,7,
183182,10530,1,6,
183182,10563,+,6,
183182,10970,+,6,
183182,11644,2a,6,
183182,11816,1,6,
183182,12024,+,4,
183182,12109,r,6,
183182,12270,1,6,
1,80,2b,1,
1,80,+,7,
1,83,r,7,
1,651,+,6,
1,1506,r,6,
1,2206,1,6,
1,2246,r,6,
1,2248,+,6,
1,2315,+,7,
1,2455,r,6,
1,3067,2m,6,
1,3092,2a,4,
1,3123,r,7,
1,3154,+,4,
1,3169,+,7,
1,4111,1,7,
1,4419,r,6,
1,4430,+,7,
1,4584,1,6,
1,4677,r,6,
1,4688,+,6,
1,4991,1,6,
1,5127,+,6,
1,5137,+,6,
1,6279,+,7,
1,6386,1,4,
1,6545,r,6,
1,6693,+,6,
1,8164,r,6,
1,8218,+,6,
1,8375,+,6,
1,8599,r,6,
1,8653,r,7,
1,8779,r,6,
1,8851,4,1,
1,8851,2m,7,
1,9049,r,7,
1,9408,r,7,
1,9459,+,6,
1,9705,r,6,
1,12072,r,6,
1,12097,r,6,
1,12101,+,6,
1,12109,1,6,
2,2206,+,6,
2,2315,1,7,
2,3351,r,6,
2,4283,1,6,
2,4430,r,7,
2,4577,r,6,
2,5127,1,6,
2,5137,+,6,
2,5165,r,6,
2,5353,r,6,
2,6477,2b,6,
2,6674,+,6,
2,6696,+,6,
2,8218,1,6,
2,8851,4,1,
2,8851,2a,7,
2,11833,r,6,
3,2013,r,6,
3,3067,1,6,
3,4283,2m,6,
3,4568,+,6,
3,4574,+,6,
3,4577,+,6,
3,5127,+,6,
3,5137,1,6,
3,6477,1,6,
3,6674,2m,6,
3,6696,+,6,
3,8218,2m,6,
3,8851,4,1,
3,8851,2m,7,
3,10106,r,6,
3,11821,r,6,
4,705,1,6,
4,2315,2b,1,
4,2315,+,7,
4,3351,r,6,
4,3794,r,6,
4,4220,r,7,
4,4283,r,6,
4,4430,+,7,
4,4614,r,6,
4,5127,+,6,
4,5137,1,6,
4,5165,+,6,
4,5352,r,6,
4,5432,r,6,
4,6710,r,6,
4,8218,2m,6,
4,8653,+,7,
4,8851,3,1,
4,8851,2a,7,
4,10021,r,6,
4,11833,r,6,
4,12072,+,6,
5,227,2m,6,
5,247,+,6,
5,1775,+,6,
5,2235,+,6,
5,4228,r,6,
5,4283,2m,6,
5,5127,+,6,
5,5353,r,6,
5,6477,1,6,
5,6710,r,6,
5,8218,2b,6,
5,8375,+,6,
5,8851,4,1,
5,8851,1,7,
5,12072,r,6,
6,247,+,6,
6,435,1,6,
6,449,r,6,
6,2250,+,6,
6,4228,2m,6,
6,4589,r,6,
6,4709,1,6,
6,5353,r,6,
6,5680,1,6,
6,6279,+,4,
6,6279,+,7,
6,6887,+,6,
6,6999,+,6,
6,8218,3,6,
6,8375,+,6,
6,8851,3,1,
6,8851,2m,7,
6,9408,+,4,
6,9408,r,7,
6,11644,r,6,
6,12072,2m,6,
6,12093,1,6,
7,227,+,6,
7,247,r,6,
7,435,r,6,
7,1778,r,6,
7,2246,+,6,
7,2250,r,6,
7,3169,+,7,
7,4228,1,6,
7,4283,1,6,
7,5353,+,6,
7,6279,+,7,
7,6887,+,6,
7,8201,r,6,
7,8218,3,6,
7,8851,4,1,
7,8851,2a,7,
7,9408,+,7,
7,9459,+,6,
7,11288,r,7,
7,11821,+,6,
7,12072,1,6,
7,12093,+,6,
7,12109,1,6,
8,227,+,6,
8,1775,3,6,
8,2246,2m,6,
8,2248,2a,6,
8,2250,+,6,
8,3067,+,6,
8,4275,1,6,
8,4283,1,6,
8,4419,+,6,
8,4568,1,6,
8,4574,+,6,
8,4575,+,6,
8,5730,+,6,
8,6477,+,6,
8,6693,1,6,
8,8201,1,6,
8,8218,2b,6,
8,8851,3,1,
8,8851,2m,7,
8,9985,r,6,
8,11287,3,1,
8,11833,+,6,
8,12056,r,6,
8,12109,+,6,
9,80,+,4,
9,80,+,7,
9,83,1,1,
9,83,+,7,
9,1048,+,6,
9,1447,r,6,
9,2013,+,6,
9,2315,2b,1,
9,2315,2a,4,
9,2315,+,7,
9,4111,1,4,
9,4283,+,6,
9,4589,+,6,
9,5137,2m,6,
9,5165,+,6,
9,6386,+,4,
9,6477,2m,6,
9,8218,2m,6,
9,8388,1,6,
9,8851,3,1,
9,8851,1,4,
9,8851,1,7,
9,10021,1,6,
9,10563,1,6,
9,10707,1,6,
9,11287,1,4,
9,11821,+,6,
9,12072,+,6,
10,2013,r,6,
10,2235,1,6,
10,2246,r,6,
10,3169,r,7,
10,3628,r,6,
10,4111,1,7,
10,4122,+,6,
10,4283,+,6,
10,4614,1,6,
10,5353,+,6,
10,6499,r,6,
10,8218,3,6,
10,8851,4,1,
10,8851,3,7,
10,9408,r,7,
10,10707,+,6,
10,11477,+,6,
10,11783,+,6,
10,12072,2a,6,
11,83,r,7,
11,705,+,6,
11,2315,3,1,
11,2315,2a,4,
11,2315,+,7,
11,3628,+,6,
11,4283,+,6,
11,5165,r,6,
11,5353,r,6,
11,6477,2m,6,
11,6499,1,6,
11,6941,r,6,
11,8218,1,6,
11,8375,+,6,
11,8388,r,6,
11,8851,4,1,
11,8851,+,7,
11,11287,+,7,
11,12072,+,6,
14,1775,1,6,
14,2013,1,6,
14,2022,+,6,
14,2136,+,6,
14,2206,r,6,
14,2315,2a,4,
14,2315,r,7,
14,3067,+,6,
14,3962,+,6,
14,4283,r,6,
14,4420,+,6,
14,4574,+,6,
14,4584,1,6,
14,4677,+,6,
14,4991,r,6,
14,5127,+,6,
14,5137,2m,6,
14,5165,+,6,
14,5432,2m,6,
14,5730,r,6,
14,6477,2a,6,
14,6941,+,6,
14,8058,2a,1,
14,8218,2a,6,
14,8375,r,6,
14,8388,+,6,
14,8599,2m,6,
14,8851,3,1,
14,8851,+,7,
14,10021,1,6,
14,10096,+,6,
14,10563,1,6,
14,10707,+,6,
14,11287,2a,4,
14,11287,r,7,
14,11821,+,6,
14,11833,r,6,
16,83,r,7,
16,1048,r,6,
16,1096,+,6,
16,2013,1,6,
16,2136,r,6,
16,2206,1,6,
16,2315,2a,1,
16,2315,2m,7,
16,3628,r,6,
16,4283,2m,6,
16,4419,r,6,
16,4548,+,6,
16,4568,1,6,
16,4610,+,6,
16,5127,2m,6,
16,5137,2m,6,
16,5165,+,6,
16,6477,2b,6,
16,6499,1,6,
16,6674,+,6,
16,6693,+,6,
16,6999,+,6,
16,8218,2m,6,
16,8388,+,6,
16,8675,+,7,
16,8851,4,1,
16,8851,2b,7,
16,9408,+,7,
16,9459,+,6,
16,10021,+,6,
16,10205,2m,6,
16,10337,+,7,
16,11288,+,7,
18,435,r,6,
18,961,1,6,
18,2018,r,6,
18,2315,+,1,
18,3067,+,6,
18,3169,+,7,
18,3282,1,6,
18,4111,+,7,
18,4552,1,6,
18,4922,2m,6,
18,5432,1,6,
18,5730,r,6,
18,6696,4,6,
18,6999,r,6,
18,8218,1,6,
18,8375,+,6,
18,8851,4,1,
18,8851,2a,7,
28,1775,2m,6,
28,2013,1,6,
28,2206,1,6,
28,2248,1,6,
28,2954,+,6,
28,4283,+,6,
28,6674,+,6,
28,6696,1,6,
28,8201,+,6,
28,8218,3,6,
28,8851,4,1,
28,8851,1,7,
28,11833,1,6,
29,2272,r,6,
29,2315,2a,1,
29,2315,+,7,
29,4283,+,6,
29,6696,2m,6,
29,8218,2b,6,
29,8851,4,1,
29,8851,2m,7,
29,11833,r,6,
31,1174,2a,6,
31,2315,2a,4,
31,4283,2m,6,
31,6674,1,6,
31,8026,r,7,
31,8218,+,6,
31,8851,4,1,
31,8851,1,7,
31,11287,2a,1,
31,11287,2m,4,
31,12126,r,1,
32,84,1,7,
32,227,+,6,
32,249,r,6,
32,1778,+,6,
32,2013,+,6,
32,2206,2m,6,
32,2262,+,6,
32,2272,+,6,
32,2315,2m,1,
32,2315,2m,7,
32,3473,+,6,
32,3792,+,6,
32,4122,1,6,
32,4283,1,6,
32,4430,+,7,
32,4532,1,6,
32,5137,r,6,
32,5165,+,6,
32,5353,+,6,
32,5611,+,6,
32,6477,1,6,
32,6484,+,6,
32,6545,1,6,
32,6674,2m,6,
32,6693,2a,6,
32,8058,2a,1,
32,8218,2b,6,
32,8851,2b,1,
32,8851,1,7,
32,8855,3,1,
32,8855,2m,7,
32,9459,r,6,
32,10107,+,6,
32,10337,r,7,
32,11287,1,7,
32,11821,r,6,
32,12109,+,6,
36,1775,+,6,
36,2206,1,6,
36,2315,2a,1,
36,2315,+,7,
36,4430,r,7,
36,4577,r,6,
36,6477,1,6,
36,6545,r,6,
36,6693,+,6,
36,6818,+,6,
36,8851,4,1,
36,8851,2m,7,
36,10563,+,6,
36,11287,r,7,
41,1775,r,6,
41,2315,+,7,
41,4568,2m,6,
41,5137,+,6,
41,5353,r,6,
41,5730,+,6,
41,6477,+,6,
41,6674,1,6,
41,8218,2b,6,
41,8851,4,1,
41,8851,3,7,
41,10563,2m,6,
41,11287,1,4,
41,11287,+,7,
41,11821,+,6,
41,12126,+,1,
42,80,+,7,
42,2013,+,6,
42,2315,2a,1,
42,2315,1,4,
42,2315,+,7,
42,3628,1,6,
42,4220,+,7,
42,4283,1,6,
42,4430,+,7,
42,4614,+,6,
42,5127,1,6,
42,5137,2m,6,
42,6477,2a,6,
42,6674,+,6,
42,8026,r,7,
42,8058,2m,1,
42,8218,+,6,
42,8851,3,1,
42,8851,2m,7,
42,10205,r,6,
42,12126,+,1,
43,83,r,7,
43,249,1,6,
43,961,2m,6,
43,2206,1,6,
43,2271,2b,6,
43,2315,2a,1,
43,2315,2m,4,
43,2315,1,7,
43,3067,2m,6,
43,3367,+,6,
43,4118,r,6,
43,4568,2m,6,
43,4584,r,6,
43,5137,+,6,
43,5717,1,6,
43,5730,+,6,
43,6477,1,6,
43,6696,2a,6,
43,7385,r,6,
43,8218,+,6,
43,8375,+,6,
43,8782,r,6,
43,8851,4,1,
43,8851,2b,7,
43,9408,r,7,
43,10563,2m,6,
43,11287,2m,1,
43,11287,2m,4,
43,11288,2m,4,
44,457,r,6,
44,705,2m,6,
44,1847,+,6,
44,2248,+,6,
44,3351,+,6,
44,3628,+,6,
44,4283,3,6,
44,4574,r,6,
44,4610,+,6,
44,4614,+,6,
44,5127,+,6,
44,5136,1,6,
44,5137,1,6,
44,5165,+,6,
44,6480,+,6,
44,6499,2m,6,
44,6674,+,6,
44,8218,+,6,
44,8375,1,6,
44,8851,4,1,
44,8851,2m,7,
44,9459,r,6,
44,10205,1,6,
44,11833,+,6,
44,12072,1,6,
47,83,r,7,
47,2206,2m,6,
47,4111,r,7,
47,4283,1,6,
47,4426,+,7,
47,4430,+,7,
47,4610,r,6,
47,4614,r,6,
47,5127,+,6,
47,5137,1,6,
47,5165,+,6,
47,5717,1,6,
47,8218,2a,6,
47,8653,r,7,
47,8851,5,1,
47,8851,2a,7,
47,9408,r,7,
47,12126,+,1,
81,106,+,6,
81,247,1,6,
81,446,1,6,
81,770,+,6,
81,1047,+,6,
81,2235,2m,6,
81,2274,+,6,
81,2315,r,7,
81,4122,+,6,
81,4283,2b,6,
81,4544,r,6,
81,4552,r,6,
81,4589,+,6,
81,4611,+,6,
81,4614,r,6,
81,5137,+,6,
81,5148,1,6,
81,5353,+,6,
81,5629,+,6,
81,6472,r,6,
81,6499,2m,6,
81,6693,+,6,
81,6992,+,6,
81,6999,1,6,
81,8218,1,6,
81,8388,r,6,
81,8851,3,1,
81,8851,1,7,
81,9408,r,7,
81,9927,1,6,
81,10021,r,6,
81,10023,r,6,
81,10115,1,6,
81,11273,1,6,
81,11480,1,6,
81,11783,1,6,
81,11825,+,6,
81,11833,r,6,
82,84,r,7,
82,106,r,6,
82,435,r,6,
82,705,1,6,
82,2013,+,6,
82,2123,r,6,
82,2235,2m,6,
82,2315,+,7,
82,2954,r,6,
82,3367,2m,6,
82,3972,r,6,
82,4122,+,6,
82,4227,r,6,
82,4283,2m,6,
82,4430,r,7,
82,4552,r,6,
82,4575,r,6,
82,4614,r,6,
82,5137,1,6,
82,5165,1,6,
82,5168,1,6,
82,5680,r,6,
82,6279,1,4,
82,6279,1,7,
82,6472,r,6,
82,6999,+,6,
82,8218,2m,6,
82,8374,r,6,
82,8653,r,7,
82,8851,4,1,
82,8851,2m,7,
82,9408,r,7,
82,10021,+,6,
82,10205,2m,6,
82,10350,1,1,
82,10350,r,7,
82,10563,1,6,
82,10707,1,6,
82,11477,+,6,
82,11783,+,6,
82,11821,+,6,
82,12072,1,6,
83,83,+,7,
83,84,1,7,
83,1775,1,6,
83,2315,2b,1,
83,2315,+,7,
83,3067,2a,6,
83,3282,+,6,
83,4220,+,7,
83,5165,r,6,
83,5432,r,6,
83,6477,3,6,
83,8218,+,6,
83,8851,4,1,
83,8851,1,7,
83,10350,r,7,
83,10563,2m,6,
83,11735,1,6,
86,80,r,7,
86,83,r,7,
86,247,+,6,
86,435,r,6,
86,961,+,6,
86,1451,1,6,
86,1775,1,6,
86,1778,r,6,
86,2197,1,6,
86,2262,1,6,
86,2315,+,7,
86,2639,r,6,
86,2692,r,6,
86,2717,r,6,
86,3282,+,6,
86,3367,2m,6,
86,4122,+,6,
86,4227,+,6,
86,4419,1,6,
86,4535,1,6,
86,4568,1,6,
86,5137,+,6,
86,5353,+,6,
86,5432,+,6,
86,6472,r,6,
86,6696,2m,6,
86,6887,+,6,
86,6941,r,6,
86,8218,3,6,
86,8374,+,6,
86,8851,5,1,
86,8851,1,4,
86,8851,2m,7,
86,9985,r,6,
86,10107,+,6,
86,10350,r,7,
86,10681,+,6,
86,11287,2m,4,
86,11833,+,6,
86,12109,1,6,
87,80,+,7,
87,84,r,7,
87,435,2m,6,
87,2013,+,6,
87,2018,r,6,
87,2197,r,6,
87,2206,r,6,
87,2315,1,1,
87,2315,+,7,
87,2639,r,6,
87,2954,+,6,
87,3092,2m,4,
87,3092,+,7,
87,3154,2m,4,
87,3282,1,6,
87,3367,2m,6,
87,3962,r,6,
87,4111,1,7,
87,4122,+,6,
87,4123,r,6,
87,4227,+,6,
87,4419,r,6,
87,4677,+,6,
87,5137,+,6,
87,5353,r,6,
87,5432,+,6,
87,5680,2m,6,
87,5717,+,6,
87,6279,1,7,
87,6477,+,6,
87,6499,1,6,
87,6696,2a,6,
87,6999,1,6,
87,8218,2b,6,
87,8375,+,6,
87,8599,r,6,
87,8782,+,6,
87,8851,4,1,
87,8851,+,7,
87,10021,+,6,
87,10205,+,6,
87,10350,r,7,
87,10707,r,6,
87,11287,1,1,
87,11287,+,7,
87,11822,+,6,
87,11833,r,6,
87,12053,r,6,
89,84,r,7,
89,435,+,6,
89,705,+,6,
89,2197,1,6,
89,2235,2m,6,
89,2274,+,6,
89,2315,1,1,
89,2315,r,7,
89,2639,r,6,
89,3169,1,4,
89,3169,r,7,
89,4227,1,6,
89,4283,+,6,
89,4535,2m,6,
89,4538,1,6,
89,4552,1,6,
89,5432,1,6,
89,6472,+,6,
89,8218,2m,6,
89,8653,+,7,
89,8669,r,7,
89,8851,4,1,
89,8851,1,7,
89,9201,r,6,
89,9408,+,7,
98,1096,r,6,
98,2013,r,6,
98,2206,2m,6,
98,2248,2a,6,
98,2250,+,6,
98,2315,r,7,
98,3067,1,6,
98,3628,+,6,
98,4283,+,6,
98,4419,r,6,
98,4552,r,6,
98,4568,r,6,
98,4574,+,6,
98,4614,r,6,
98,5127,+,6,
98,5137,+,6,
98,5165,1,6,
98,5432,+,6,
98,5717,1,6,
98,5730,+,6,
98,6477,1,6,
98,6710,r,6,
98,8218,2a,6,
98,8653,r,7,
98,8851,4,1,
98,8851,1,4,
98,8851,2a,7,
98,9408,+,7,
98,9985,r,6,
98,10115,r,6,
98,10707,+,6,
98,11287,r,7,
98,12056,r,6,
98,12109,+,6,
98,12126,+,1,
99,2248,2m,6,
99,2271,3,6,
99,2315,1,7,
99,3067,3,6,
99,3169,r,7,
99,4283,+,6,
99,4552,+,6,
99,4568,1,6,
99,4614,+,6,
99,5127,1,6,
99,5137,1,6,
99,5432,+,6,
99,5717,1,6,
99,5730,1,6,
99,6477,1,6,
99,6667,1,6,
99,6696,1,6,
99,8201,+,6,
99,8218,2m,6,
99,8669,r,7,
99,8851,4,1,
99,8851,2a,7,
99,9408,+,7,
99,10350,r,7,
99,11287,1,4,
99,11477,r,6,
99,12126,r,1,
100,83,r,7,
100,457,1,6,
100,705,1,6,
100,1775,r,6,
100,3628,+,6,
100,4283,2m,6,
100,4552,r,6,
100,4614,+,6,
100,5127,+,6,
100,5137,+,6,
100,5165,1,6,
100,6477,1,6,
100,6696,1,6,
100,8218,1,6,
100,8375,2m,6,
100,8851,4,1,
100,10003,r,6,
100,10021,+,6,
100,10115,+,6,
100,12072,2m,6,
100,12126,+,1,
101,80,+,7,
101,84,+,7,
101,193,3,6,
101,249,+,6,
101,435,r,6,
101,478,3,1,
101,647,+,6,
101,961,2b,6,
101,1451,+,6,
101,1506,+,6,
101,2018,1,6,
101,3123,1,4,
101,3993,+,6,
101,4109,+,7,
101,4419,+,6,
101,4430,3,1,
101,4430,+,4,
101,4430,+,7,
101,4532,+,6,
101,4552,r,6,
101,4568,+,6,
101,4688,2m,6,
101,5000,r,6,
101,5432,1,6,
101,6526,r,6,
101,6545,+,6,
101,6696,r,6,
101,6743,r,6,
101,6818,r,6,
101,8375,r,6,
101,8430,1,1,
101,8430,+,4,
101,8782,2m,6,
101,8916,+,6,
101,9049,r,7,
101,10563,1,6,
101,11287,+,4,
101,11644,+,6,
101,11822,+,6,
101,12024,r,7,
101,12059,+,6,
101,12101,+,6,
102,80,r,1,
102,80,+,7,
102,83,+,7,
102,84,r,7,
102,193,+,6,
102,435,+,6,
102,647,+,6,
102,961,2m,6,
102,1451,+,6,
102,2013,r,6,
102,2018,+,6,
102,2032,+,6,
102,2206,1,6,
102,2271,2b,6,
102,2315,4,1,
102,2315,1,4,
102,2315,1,7,
102,2954,+,6,
102,3067,+,6,
102,3123,+,7,
102,3157,r,7,
102,3282,+,6,
102,3367,+,6,
102,4109,r,7,
102,4123,+,6,
102,4419,+,6,
102,4532,1,6,
102,4552,+,6,
102,4568,+,6,
102,4677,+,6,
102,4688,+,6,
102,4991,2m,6,
102,5137,r,6,
102,5432,+,6,
102,5680,+,6,
102,5730,+,6,
102,6526,+,6,
102,6696,2b,6,
102,6887,+,6,
102,6941,+,6,
102,8218,1,6,
102,8782,1,6,
102,8851,2a,7,
102,8855,2b,1,
102,9201,r,7,
102,9408,r,7,
102,9693,r,7,
102,10563,+,6,
102,11287,+,7,
102,11602,r,7,
102,11822,+,6,
102,11833,r,6,
102,12059,r,6,
102,12097,+,6,
102,12109,+,6,
103,234,+,6,
103,478,4,1,
103,798,r,6,
103,1350,2a,6,
103,1390,2a,6,
103,1451,r,6,
103,1952,2a,6,
103,1968,r,6,
103,2168,1,6,
103,3169,r,7,
103,3473,+,6,
103,4109,r,7,
103,4552,r,6,
103,4558,+,6,
103,4688,r,6,
103,5432,+,6,
103,5470,1,6,
103,5652,r,6,
103,6520,1,6,
103,6529,2a,6,
103,6716,1,6,
103,6887,r,6,
103,7001,+,6,
103,7865,r,6,
103,8219,+,6,
103,8227,r,6,
103,8935,+,6,
103,8963,2a,6,
103,9199,r,7,
103,9408,r,7,
103,9559,r,6,
103,9693,r,7,
103,10267,1,6,
103,10304,r,6,
103,10327,r,6,
103,10679,r,6,
103,11644,1,6,
103,11816,+,6,
103,12270,1,6,
103,12276,r,6,
103,50019,+,6,
104,80,+,7,
104,84,1,4,
104,84,+,7,
104,193,r,6,
104,478,4,1,
104,478,2m,4,
104,478,r,7,
104,660,+,6,
104,1952,+,6,
104,1968,r,6,
104,2168,2m,6,
104,2809,+,6,
104,2944,r,6,
104,3993,1,6,
104,4109,+,4,
104,4109,+,7,
104,4430,+,4,
104,4430,+,7,
104,4544,r,6,
104,4552,r,6,
104,4677,r,6,
104,4688,r,6,
104,5432,1,6,
104,6520,r,6,
104,6529,+,6,
104,6718,+,6,
104,6941,r,6,
104,8653,r,7,
104,8782,+,6,
104,8935,r,6,
104,8963,+,6,
104,9199,+,4,
104,9199,+,7,
104,9408,r,7,
104,9437,+,6,
104,9693,r,7,
104,9922,4,6,
104,10267,1,6,
104,10337,r,7,
104,11644,+,6,
104,11816,r,6,
104,12024,r,7,
105,80,1,1,
105,80,r,7,
105,83,+,7,
105,84,3,1,
105,84,1,4,
105,84,+,7,
105,961,2b,6,
105,2315,3,1,
105,2639,2m,6,
105,3092,+,4,
105,3092,+,7,
105,3169,+,7,
105,4109,+,7,
105,4111,r,7,
105,4430,+,4,
105,4430,+,7,
105,4532,2a,6,
105,4552,r,6,
105,4677,r,6,
105,4688,+,6,
105,5432,2m,6,
105,5664,2a,6,
105,6386,1,4,
105,6887,r,6,
105,8374,2a,6,
105,8782,2a,6,
105,9693,+,4,
105,9693,1,7,
105,11602,+,4,
105,11602,+,7,
105,12097,+,6,
106,80,4,1,
106,80,+,4,
106,83,+,4,
106,188,r,6,
106,193,r,6,
106,435,r,6,
106,961,+,6,
106,2315,+,1,
106,3794,+,6,
106,4220,r,4,
106,4430,+,4,
106,4532,3,6,
106,4677,r,6,
106,5431,3,6,
106,5432,r,6,
106,6887,r,6,
106,7447,+,6,
106,8782,+,6,
106,8851,+,1,
106,9693,+,4,
106,10530,+,6,
106,10563,1,6,
106,10685,1,6,
106,11602,1,4,
106,11644,+,6,
107,80,+,7,
107,84,1,1,
107,84,+,7,
107,193,+,6,
107,249,+,6,
107,647,r,6,
107,961,+,6,
107,2315,4,1,
107,2315,+,7,
107,2791,+,6,
107,3282,r,6,
107,3794,r,6,
107,4123,+,6,
107,4271,r,6,
107,4420,r,6,
107,4532,2a,6,
107,4552,+,6,
107,4568,2b,6,
107,4584,r,6,
107,4677,+,6,
107,4688,r,6,
107,5431,r,6,
107,5432,r,6,
107,6696,2a,6,
107,7447,+,6,
107,7552,+,6,
107,8599,+,6,
107,8782,1,6,
107,10107,r,6,
107,10198,+,6,
107,10530,r,6,
107,10563,2b,6,
107,10685,1,6,
107,11287,2m,4,
107,11287,+,7,
107,11602,1,7,
107,11644,r,6,
107,12109,+,6,
107,12110,+,6,
108,80,r,7,
108,83,2a,1,
108,83,r,4,
108,83,+,7,
108,84,2a,1,
108,84,+,7,
108,167,+,6,
108,647,+,6,
108,961,1,6,
108,2248,r,6,
108,2315,3,1,
108,2315,r,7,
108,2791,+,6,
108,3282,r,6,
108,3346,r,6,
108,3453,r,6,
108,3794,3,6,
108,3956,+,6,
108,4220,+,7,
108,4532,1,6,
108,4552,+,6,
108,4677,1,6,
108,5431,+,6,
108,5432,+,6,
108,6477,+,6,
108,6693,r,6,
108,6696,+,6,
108,6887,r,6,
108,6941,+,6,
108,7447,+,6,
108,7552,+,6,
108,8218,2a,6,
108,8782,+,6,
108,9985,+,6,
108,10107,+,6,
108,10563,2a,6,
108,11288,+,4,
108,11288,r,7,
108,11602,r,4,
108,11602,+,7,
108,12101,r,6,
108,12109,+,6,
109,80,+,7,
109,84,+,7,
109,961,+,6,
109,1451,+,6,
109,2206,+,6,
109,2271,2a,6,
109,2315,3,1,
109,2315,r,7,
109,3282,+,6,
109,3346,+,6,
109,3794,1,6,
109,4430,1,7,
109,4532,2a,6,
109,4552,+,6,
109,4584,1,6,
109,4677,1,6,
109,4991,1,6,
109,5127,r,6,
109,5431,+,6,
109,5432,r,6,
109,6386,r,4,
109,6477,+,6,
109,6545,+,6,
109,6693,+,6,
109,6941,+,6,
109,8218,+,6,
109,8374,r,6,
109,8653,+,7,
109,8784,+,6,
109,8851,2b,1,
109,8851,r,7,
109,9693,+,7,
109,10337,+,7,
109,10563,1,6,
109,10685,+,6,
109,11287,+,7,
109,12109,+,6,
110,80,2a,1,
110,80,r,7,
110,193,4,6,
110,249,+,6,
110,435,+,6,
110,461,+,6,
110,478,3,1,
110,651,+,6,
110,722,+,6,
110,798,r,6,
110,802,r,6,
110,1390,r,6,
110,1451,+,6,
110,2123,r,6,
110,2636,2a,6,
110,2809,+,6,
110,3157,2a,4,
110,3367,r,6,
110,3867,+,6,
110,4271,r,6,
110,4532,+,6,
110,4552,+,6,
110,4688,+,6,
110,5270,+,6,
110,5431,2a,6,
110,5432,+,6,
110,5664,r,6,
110,6526,r,6,
110,6887,r,6,
110,7001,+,6,
110,7447,r,6,
110,8218,r,6,
110,8659,+,4,
110,8659,+,7,
110,8784,+,6,
110,8935,r,6,
110,8963,+,6,
110,9617,r,7,
110,9636,2a,1,
110,9693,+,4,
110,9693,r,7,
110,9985,+,6,
110,10267,+,6,
110,10530,+,6,
110,10563,+,6,
110,10679,+,6,
110,10685,+,6,
110,11644,2a,6,
111,80,r,7,
111,83,+,1,
111,83,r,7,
111,84,+,1,
111,84,+,7,
111,188,r,6,
111,193,3,6,
111,478,3,1,
111,961,2b,6,
111,2290,r,6,
111,2315,r,7,
111,2791,+,6,
111,3123,r,7,
111,3191,+,6,
111,4109,+,7,
111,4271,+,6,
111,4430,1,1,
111,4430,+,7,
111,4532,1,6,
111,4552,r,6,
111,4668,+,6,
111,4677,+,6,
111,4688,+,6,
111,4710,+,6,
111,5431,+,6,
111,5432,+,6,
111,6285,r,6,
111,6696,r,6,
111,6743,1,6,
111,7001,+,6,
111,7447,+,6,
111,7552,2a,6,
111,8590,+,6,
111,8782,+,6,
111,8851,r,1,
111,8945,+,6,
111,9201,+,7,
111,9693,+,7,
111,10530,2a,6,
111,11602,2a,1,
111,11602,+,7,
111,11644,+,6,
112,80,+,7,
112,83,+,7,
112,84,+,7,
112,249,+,6,
112,647,+,6,
112,961,+,6,
112,1451,r,6,
112,1506,r,6,
112,2018,+,6,
112,2206,2m,6,
112,2271,3,6,
112,2315,4,1,
112,2315,+,4,
112,2315,+,7,
112,3067,+,6,
112,3169,+,7,
112,4109,r,7,
112,4111,+,7,
112,4123,+,6,
112,4220,+,7,
112,4419,+,6,
112,4430,+,7,
112,4584,+,6,
112,4991,2a,6,
112,5137,+,6,
112,5165,+,6,
112,5611,2m,6,
112,5717,+,6,
112,5730,+,6,
112,6674,r,6,
112,6693,+,6,
112,6710,+,6,
112,8019,1,6,
112,8039,+,6,
112,8218,+,6,
112,8374,+,6,
112,8599,r,6,
112,8653,+,7,
112,8669,r,7,
112,8782,1,6,
112,8851,1,1,
112,8851,+,7,
112,8945,+,6,
112,9408,r,7,
112,10563,+,6,
112,10707,r,6,
112,11287,1,1,
112,11287,+,4,
112,11287,r,7,
112,12101,+,6,
112,12109,+,6,
112,12276,+,6,
113,84,2a,4,
113,84,+,7,
113,193,2m,6,
113,249,1,6,
113,478,4,1,
113,478,+,7,
113,647,r,6,
113,961,+,6,
113,1451,r,6,
113,1952,+,6,
113,2118,+,6,
113,2123,r,6,
113,2279,1,6,
113,2290,1,6,
113,2315,+,7,
113,2809,+,6,
113,3093,+,4,
113,3169,r,7,
113,3191,2a,6,
113,4109,+,4,
113,4109,+,7,
113,4341,r,6,
113,4419,r,6,
113,4430,+,7,
113,4532,1,6,
113,4552,r,6,
113,4568,2a,6,
113,4668,r,6,
113,4677,r,6,
113,4688,+,6,
113,4710,1,6,
113,5432,+,6,
113,6526,+,6,
113,7447,+,6,
113,8374,r,6,
113,8663,2a,1,
113,8663,2a,4,
113,8663,1,7,
113,8782,+,6,
113,8945,+,6,
113,8963,+,6,
113,9201,r,7,
113,9437,r,6,
113,9559,r,6,
113,9573,+,6,
113,9663,+,1,
113,9693,2a,4,
113,9693,+,7,
113,9987,+,6,
113,10267,1,6,
113,10530,2a,6,
113,11287,+,1,
113,11644,+,6,
113,11816,+,6,
113,12024,+,7,
113,12109,r,6,
113,12270,2b,6,
114,80,r,7,
114,83,2a,1,
114,83,r,7,
114,84,2a,1,
114,167,+,6,
114,961,+,6,
114,1048,r,6,
114,3123,2b,4,
114,3346,+,6,
114,3794,2a,6,
114,4109,+,7,
114,4430,+,7,
114,4532,2b,6,
114,5431,+,6,
114,5432,r,6,
114,6285,r,6,
114,8388,r,6,
114,8782,+,6,
114,9201,2m,7,
114,9693,+,4,
114,9693,r,7,
114,10533,2b,4,
114,11287,+,1,
114,11288,2a,1,
114,11602,3,1,
114,11602,+,4,
114,11644,2a,6,
115,80,1,1,
115,80,r,4,
115,84,3,1,
115,84,1,4,
115,167,+,6,
115,193,1,6,
115,435,r,6,
115,961,+,6,
115,3794,1,6,
115,3972,r,6,
115,4532,2m,6,
115,4568,2a,6,
115,4677,2a,6,
115,4688,+,6,
115,4710,r,6,
115,5431,2a,6,
115,5432,2a,6,
115,5664,2a,6,
115,6941,+,6,
115,7447,+,6,
115,8218,r,6,
115,8388,1,6,
115,8782,1,6,
115,9693,2a,4,
115,10563,+,6,
115,10685,+,6,
115,11288,2a,1,
115,11288,+,4,
115,11288,+,7,
115,11602,2a,4,
115,11602,+,7,
115,11644,2m,6,
115,12101,+,6,
116,83,2b,1,
116,83,1,4,
116,83,r,7,
116,84,2b,1,
116,84,1,4,
116,84,r,7,
116,193,1,6,
116,249,r,6,
116,961,+,6,
116,1128,1,6,
116,2315,+,1,
116,3794,1,6,
116,4532,2b,6,
116,4677,+,6,
116,5431,+,6,
116,5432,1,6,
116,5664,2m,6,
116,7001,r,6,
116,7447,+,6,
116,8218,r,6,
116,8388,+,6,
116,8782,+,6,
116,9693,1,4,
116,9693,+,7,
116,11287,3,1,
116,11288,+,4,
116,11602,1,1,
116,11602,r,4,
116,11644,+,6,
117,80,+,7,
117,83,+,7,
117,167,r,6,
117,1506,+,6,
117,1775,+,6,
117,2013,r,6,
117,2018,+,6,
117,2123,+,6,
117,2206,+,6,
117,2250,r,6,
117,2315,1,7,
117,3346,r,6,
117,3453,1,6,
117,3794,2m,6,
117,4419,+,6,
117,4430,+,7,
117,4532,1,6,
117,4568,2a,6,
117,4584,+,6,
117,4677,+,6,
117,4922,+,6,
117,4991,+,6,
117,5137,+,6,
117,5432,1,6,
117,5611,r,6,
117,5730,+,6,
117,6386,+,7,
117,6477,2m,6,
117,6693,2m,6,
117,6743,2a,6,
117,6887,+,6,
117,6999,r,6,
117,8218,+,6,
117,8851,3,1,
117,8851,1,7,
117,10563,+,6,
117,11287,3,1,
117,11287,2a,4,
117,11287,+,7,
117,11644,+,6,
117,12109,+,6,
118,80,1,1,
118,83,2b,1,
118,83,1,7,
118,84,+,7,
118,2315,2b,1,
118,2315,+,7,
118,3453,2m,6,
118,3794,2a,6,
118,4568,2m,6,
118,5431,r,6,
118,5432,2m,6,
118,6696,2m,6,
118,8218,1,6,
118,8388,+,6,
118,8851,+,1,
118,8851,+,7,
118,9201,+,7,
118,11287,2a,1,
118,11287,2m,4,
119,80,1,1,
119,80,+,7,
119,83,+,1,
119,83,+,7,
119,84,r,7,
119,647,+,6,
119,786,+,6,
119,1048,+,6,
119,1451,2m,6,
119,1506,r,6,
119,1748,+,6,
119,1775,+,6,
119,2013,+,6,
119,2018,+,6,
119,2022,r,6,
119,2032,r,6,
119,2206,1,6,
119,2246,1,6,
119,2250,+,6,
119,2315,3,1,
119,2315,+,4,
119,2315,r,7,
119,2456,r,6,
119,2954,r,6,
119,3067,2a,6,
119,3092,1,4,
119,3123,+,4,
119,3123,r,7,
119,3169,r,7,
119,3367,+,6,
119,3428,r,6,
119,3628,+,6,
119,4111,1,4,
119,4111,+,7,
119,4122,+,6,
119,4123,r,6,
119,4220,+,7,
119,4420,+,6,
119,4430,+,7,
119,4548,+,6,
119,4584,r,6,
119,4614,r,6,
119,4710,+,6,
119,4991,1,6,
119,5137,+,6,
119,5148,+,6,
119,5165,r,6,
119,5352,r,6,
119,5717,r,6,
119,5730,+,6,
119,6279,+,7,
119,6285,+,6,
119,6386,+,7,
119,6673,+,6,
119,6693,1,6,
119,6710,r,6,
119,6743,+,6,
119,6999,r,6,
119,7073,r,6,
119,7806,r,6,
119,8039,+,6,
119,8218,1,6,
119,8222,+,6,
119,8375,+,6,
119,8388,2m,6,
119,8599,1,6,
119,8779,+,6,
119,8851,+,7,
119,8928,+,6,
119,9049,+,6,
119,9408,r,7,
119,10005,r,6,
119,10021,+,6,
119,10205,+,6,
119,10337,r,7,
119,10350,2m,1,
119,10350,+,6,
119,10563,+,6,
119,10707,+,6,
119,10973,r,6,
119,11102,+,6,
119,11287,2b,1,
119,11287,1,4,
119,11854,1,6,
119,12053,r,6,
119,12072,+,6,
119,12097,+,6,
119,12101,+,6,
120,80,2m,1,
120,83,r,7,
120,84,+,7,
120,193,1,6,
120,249,r,6,
120,647,+,6,
120,961,2a,6,
120,1451,+,6,
120,1506,r,6,
120,2018,+,6,
120,2206,r,6,
120,2271,3,6,
120,2290,+,6,
120,2315,3,1,
120,2315,+,7,
120,2634,r,6,
120,3067,+,6,
120,3867,+,6,
120,4109,+,7,
120,4123,+,6,
120,4430,2a,1,
120,4430,+,7,
120,4532,1,6,
120,4568,1,6,
120,4668,+,6,
120,4688,r,6,
120,4991,1,6,
120,5000,r,6,
120,5664,+,6,
120,5730,+,6,
120,6285,+,6,
120,6545,+,6,
120,7447,1,6,
120,7552,1,6,
120,7806,r,6,
120,8374,1,6,
120,8429,+,7,
120,8590,+,6,
120,8782,2a,6,
120,8945,+,6,
120,10563,+,6,
120,10685,+,6,
120,12059,r,6,
120,12097,r,6,
120,12101,+,6,
120,12109,+,6,
121,80,2a,1,
121,80,2m,7,
121,83,+,1,
121,83,r,7,
121,435,r,6,
121,449,r,6,
121,705,1,6,
121,1451,+,6,
121,1506,+,6,
121,1748,+,6,
121,2018,r,6,
121,2206,2m,6,
121,2246,2b,6,
121,2315,3,1,
121,2315,1,4,
121,2315,r,7,
121,2455,r,6,
121,2457,r,6,
121,2954,+,6,
121,3067,2b,6,
121,3169,r,7,
121,3867,+,6,
121,4111,+,7,
121,4419,r,6,
121,4420,+,6,
121,4430,+,4,
121,4430,+,7,
121,4552,r,6,
121,4568,+,6,
121,4688,+,6,
121,4922,r,6,
121,4991,+,6,
121,6386,+,4,
121,6386,+,7,
121,6693,1,6,
121,6696,1,6,
121,7073,r,6,
121,8375,2a,6,
121,8653,r,7,
121,8851,1,1,
121,8851,+,7,
121,9049,r,7,
121,10021,+,6,
121,10350,r,7,
121,10563,1,6,
121,11288,r,7,
121,12072,+,6,
121,12097,+,6,
121,12101,+,6,
122,80,2m,1,
122,83,1,1,
122,83,+,7,
122,84,2b,1,
122,167,2a,6,
122,193,r,6,
122,961,1,6,
122,1048,+,6,
122,2018,r,6,
122,2032,r,6,
122,2315,1,1,
122,2315,1,4,
122,3123,+,4,
122,3346,+,6,
122,4109,+,7,
122,4111,1,4,
122,4430,3,1,
122,4430,1,4,
122,4430,+,7,
122,4532,1,6,
122,4538,r,6,
122,4584,+,6,
122,4677,r,6,
122,4991,1,6,
122,5000,r,6,
122,5431,r,6,
122,5432,+,6,
122,5730,+,6,
122,6285,r,6,
122,6386,+,4,
122,6386,+,7,
122,6454,3,6,
122,6545,r,6,
122,6743,1,6,
122,6941,r,6,
122,7447,+,6,
122,7552,r,6,
122,8374,1,6,
122,8388,+,6,
122,8782,+,6,
122,8945,r,6,
122,9201,1,4,
122,9201,+,7,
122,10563,r,6,
122,11602,1,1,
122,11602,+,7,
122,12101,r,6,
123,80,+,4,
123,80,+,7,
123,83,+,1,
123,83,+,7,
123,84,2b,1,
123,84,+,4,
123,84,r,7,
123,133,2m,6,
123,435,+,6,
123,1048,r,6,
123,2013,r,6,
123,2123,r,6,
123,2206,+,6,
123,2250,+,6,
123,2315,r,7,
123,2639,+,6,
123,3067,+,6,
123,3123,r,4,
123,3453,1,6,
123,3988,r,6,
123,4109,+,7,
123,4220,3,1,
123,4220,2a,4,
123,4220,+,7,
123,4430,3,1,
123,4430,1,7,
123,4532,1,6,
123,4552,r,6,
123,4568,2a,6,
123,4584,+,6,
123,4677,+,6,
123,4688,r,6,
123,4991,+,6,
123,5432,2m,6,
123,5664,2a,6,
123,5730,+,6,
123,6545,+,6,
123,6743,1,6,
123,6887,+,6,
123,6999,r,6,
123,7232,+,6,
123,8218,r,6,
123,8374,+,6,
123,8653,+,7,
123,8782,+,6,
123,8945,r,6,
123,9201,+,7,
123,9693,1,4,
123,9693,r,7,
123,10563,2a,6,
123,11602,2a,4,
123,11602,+,7,
123,11644,+,6,
123,12097,+,6,
123,12101,r,6,
124,80,1,1,
124,80,+,7,
124,83,+,7,
124,84,1,1,
124,84,+,7,
124,647,+,6,
124,1451,1,6,
124,1506,+,6,
124,2013,+,6,
124,2032,+,6,
124,2206,2m,6,
124,2271,3,6,
124,2315,3,1,
124,2315,+,7,
124,2954,+,6,
124,3093,+,7,
124,3169,r,4,
124,3169,r,7,
124,3367,+,6,
124,3453,+,6,
124,3628,+,6,
124,3867,+,6,
124,4109,+,7,
124,4111,1,7,
124,4220,r,4,
124,4220,+,7,
124,4420,+,6,
124,4430,1,1,
124,4430,1,7,
124,4568,+,6,
124,4584,1,6,
124,4688,r,6,
124,4991,1,6,
124,5137,r,6,
124,5717,+,6,
124,5730,+,6,
124,6285,r,6,
124,6386,r,7,
124,6673,1,6,
124,6693,+,6,
124,6696,2a,6,
124,6710,+,6,
124,6743,1,6,
124,7073,r,6,
124,8218,2m,6,
124,8653,+,7,
124,8782,+,6,
124,9705,+,6,
124,10350,1,7,
124,10563,+,6,
124,11288,+,7,
124,11602,+,7,
124,11822,r,6,
124,12072,+,6,
124,12101,r,6,
124,12110,+,6,
125,80,+,4,
125,80,+,7,
125,83,+,7,
125,84,2m,1,
125,84,2b,4,
125,84,+,7,
125,193,3,6,
125,249,+,6,
125,435,+,6,
125,478,3,1,
125,478,r,7,
125,961,1,6,
125,1451,r,6,
125,2032,+,6,
125,2315,2m,1,
125,2315,r,7,
125,2634,r,6,
125,3993,r,6,
125,4109,+,4,
125,4109,r,7,
125,4271,r,6,
125,4341,+,6,
125,4430,2m,1,
125,4430,+,4,
125,4532,2b,6,
125,4552,r,6,
125,4688,+,6,
125,5431,2a,6,
125,5432,1,6,
125,5664,2b,6,
125,6887,r,6,
125,7001,3,6,
125,8782,1,6,
125,8963,r,6,
125,9437,r,6,
125,9693,+,4,
125,9693,r,7,
125,10530,2a,6,
125,10563,+,6,
125,11602,+,4,
125,11602,+,7,
125,11644,2a,6,
125,12109,r,6,
126,1,r,7,
126,80,+,1,
126,80,+,7,
126,84,3,1,
126,84,2m,7,
126,249,+,6,
126,435,+,6,
126,651,r,6,
126,961,1,6,
126,1128,+,6,
126,2013,r,6,
126,2032,+,6,
126,2123,+,6,
126,2206,1,6,
126,2315,3,1,
126,2315,+,7,
126,3367,+,6,
126,3794,2a,6,
126,4430,+,7,
126,4532,2b,6,
126,4568,2a,6,
126,4677,1,6,
126,4688,r,6,
126,5431,r,6,
126,5432,2m,6,
126,6693,+,6,
126,6887,+,6,
126,6941,+,6,
126,6999,r,6,
126,7447,+,6,
126,8218,+,6,
126,8782,1,6,
126,8851,+,1,
126,8851,+,7,
126,9437,+,6,
126,9693,+,7,
126,10107,r,6,
126,11644,+,6,
126,12109,+,6,
127,193,+,6,
127,195,r,7,
127,249,+,6,
127,435,+,6,
127,478,4,1,
127,478,2a,4,
127,651,r,6,
127,1128,1,6,
127,1390,+,6,
127,1451,1,6,
127,1952,+,6,
127,2118,+,6,
127,2168,2b,6,
127,2279,1,6,
127,2315,r,4,
127,2315,+,7,
127,2759,r,6,
127,2794,1,6,
127,3123,r,4,
127,3191,+,6,
127,3967,+,6,
127,3993,+,6,
127,4109,r,4,
127,4115,+,6,
127,4220,+,7,
127,4271,1,6,
127,4341,+,6,
127,4419,+,6,
127,4426,+,4,
127,4430,+,4,
127,4532,r,6,
127,4540,r,6,
127,4552,r,6,
127,4667,+,6,
127,4677,+,6,
127,4688,+,6,
127,4709,+,6,
127,5431,1,6,
127,5432,+,6,
127,5537,+,6,
127,6520,+,6,
127,6526,+,6,
127,6529,2m,6,
127,6545,r,6,
127,6718,+,6,
127,6887,+,6,
127,6941,+,6,
127,7447,+,6,
127,7718,+,6,
127,8653,+,4,
127,8851,r,7,
127,8916,r,6,
127,8945,r,6,
127,8963,1,6,
127,9459,1,6,
127,9476,2a,6,
127,9573,+,6,
127,9693,2a,4,
127,9922,2b,6,
127,10267,1,6,
127,10337,r,7,
127,10530,1,6,
127,10970,r,6,
127,11644,+,6,
127,11816,+,6,
127,12024,+,4,
127,12024,+,7,
127,12056,r,6,
127,12110,+,6,
127,12270,2m,6,
128,84,3,1,
128,84,+,7,
128,167,+,6,
128,961,1,6,
128,1048,+,6,
128,2018,+,6,
128,3123,3,1,
128,3123,2m,4,
128,3346,r,6,
128,3794,+,6,
128,4220,2b,1,
128,4220,+,4,
128,4220,+,7,
128,4430,r,7,
128,4532,+,6,
128,4568,1,6,
128,4584,r,6,
128,4677,r,6,
128,4991,+,6,
128,5431,+,6,
128,5432,r,6,
128,5730,+,6,
128,6285,r,6,
128,6454,4,6,
128,6743,+,6,
128,7447,+,6,
128,8782,+,6,
128,9201,+,7,
128,9693,2m,4,
128,11288,1,1,
128,11602,+,4,
128,11644,+,6,
129,1,r,7,
129,80,+,4,
129,80,+,7,
129,83,+,7,
129,84,2a,1,
129,84,r,4,
129,188,r,6,
129,193,3,6,
129,195,2m,4,
129,234,r,6,
129,249,+,6,
129,435,r,6,
129,478,3,1,
129,1128,1,6,
129,1451,+,6,
129,2118,r,6,
129,2290,r,6,
129,2315,r,1,
129,2638,2m,6,
129,2688,r,6,
129,3123,r,4,
129,3191,1,6,
129,3346,r,6,
129,3453,r,6,
129,3794,+,6,
129,3993,+,6,
129,4271,r,6,
129,4341,1,6,
129,4430,3,1,
129,4430,r,4,
129,4430,1,7,
129,4532,1,6,
129,4668,+,6,
129,4688,+,6,
129,4709,1,6,
129,5431,+,6,
129,5432,r,6,
129,7001,2b,6,
129,7447,+,6,
129,8590,2m,6,
129,8782,+,6,
129,8945,1,6,
129,9693,+,7,
129,10530,+,6,
129,11602,1,1,
129,11602,2m,4,
129,11602,+,7,
129,11644,+,6,
129,12024,+,7,
130,80,r,1,
130,83,2a,1,
130,83,r,7,
130,84,3,1,
130,84,1,4,
130,435,+,6,
130,961,+,6,
130,2123,r,6,
130,2315,1,1,
130,3123,1,4,
130,3794,+,6,
130,4111,+,7,
130,4430,3,1,
130,4430,r,7,
130,4532,r,6,
130,4568,r,6,
130,4677,r,6,
130,4709,+,6,
130,5431,1,6,
130,5432,1,6,
130,5664,2a,6,
130,6454,4,6,
130,6696,r,6,
130,7447,r,6,
130,8388,+,6,
130,8782,+,6,
130,9201,+,7,
130,9693,+,4,
130,9694,+,4,
130,10563,1,6,
130,11288,1,1,
130,11602,2a,1,
130,11602,1,4,
130,11602,+,7,
130,11644,1,6,
131,193,+,6,
131,234,1,6,
131,249,+,6,
131,478,3,1,
131,478,+,7,
131,479,3,1,
131,479,1,4,
131,479,r,7,
131,660,+,6,
131,1128,+,6,
131,1451,2a,6,
131,1952,+,6,
131,2118,+,6,
131,2154,r,6,
131,2250,2m,6,
131,2279,2b,6,
131,2638,2b,6,
131,2759,+,6,
131,2810,r,6,
131,3191,1,6,
131,3428,r,6,
131,3473,2m,6,
131,3792,1,6,
131,3967,+,6,
131,3993,+,6,
131,3999,+,6,
131,4220,r,7,
131,4271,1,6,
131,4341,r,6,
131,4538,r,6,
131,4570,+,6,
131,4677,r,6,
131,4688,+,6,
131,4719,+,6,
131,5431,1,6,
131,5432,r,6,
131,5537,+,6,
131,6520,+,6,
131,6526,+,6,
131,6529,1,6,
131,6716,1,6,
131,7447,+,6,
131,7718,+,6,
131,8219,+,6,
131,8963,+,6,
131,9459,+,6,
131,9476,r,6,
131,9559,1,6,
131,9985,+,6,
131,9993,+,6,
131,10107,+,6,
131,10205,+,6,
131,10267,3,6,
131,10530,+,6,
131,10561,+,6,
131,10563,+,6,
131,10970,+,6,
131,11644,1,6,
131,11745,1,6,
131,11816,+,6,
131,11822,r,6,
131,12110,r,6,
131,12270,1,6,
131,12276,r,6,
131,50039,r,6,
132,84,+,4,
132,84,+,7,
132,193,+,6,
132,234,+,6,
132,249,1,6,
132,419,r,6,
132,478,3,1,
132,478,+,4,
132,479,2a,1,
132,479,r,7,
132,1128,1,6,
132,1952,+,6,
132,2118,+,6,
132,2168,2b,6,
132,2250,+,6,
132,2279,1,6,
132,2315,r,7,
132,2638,1,6,
132,2759,+,6,
132,3191,+,6,
132,3792,+,6,
132,3967,+,6,
132,3993,+,6,
132,4109,+,4,
132,4115,+,6,
132,4123,+,6,
132,4271,+,6,
132,4341,1,6,
132,4430,+,4,
132,4430,+,7,
132,4532,r,6,
132,4538,+,6,
132,4552,+,6,
132,4558,+,6,
132,4570,+,6,
132,4667,+,6,
132,4677,+,6,
132,4688,r,6,
132,5431,1,6,
132,5432,+,6,
132,5537,2a,6,
132,5611,r,6,
132,6386,r,7,
132,6520,1,6,
132,6526,+,6,
132,6529,2m,6,
132,6533,1,6,
132,6716,+,6,
132,7001,2m,6,
132,7447,+,6,
132,7552,r,6,
132,7718,r,6,
132,8026,r,1,
132,8026,r,7,
132,8218,+,6,
132,8219,+,6,
132,8590,+,6,
132,8782,+,6,
132,8963,1,6,
132,9459,+,6,
132,9476,1,4,
132,9476,1,6,
132,9559,+,6,
132,9628,+,1,
132,9693,1,4,
132,9694,r,4,
132,9922,+,6,
132,9993,1,6,
132,10205,+,6,
132,10267,2a,6,
132,10337,r,7,
132,10530,1,6,
132,10563,+,6,
132,10970,+,6,
132,11644,2a,6,
132,11816,1,6,
132,12024,+,4,
132,12109,r,6,
132,12270,1,6,
